Year,Region,Median_Weekly_Pay,Regional_Rental_Price_Index,National_CPIH_Index,National_Rental_Price_Index,Regional_CPI_Proxy,Real_Wage_Index
2002,East Midlands,185.3,89.33333333333333,98.4854609929078,85.66481481481482,102.70301213380903,180.4231406169252
2003,East Midlands,193.4,89.33333333333333,98.4854609929078,85.66481481481482,102.70301213380903,188.30995896013673
2004,East Midlands,196.4,89.33333333333333,98.4854609929078,85.66481481481482,102.70301213380903,191.23100279095578
2005,East Midlands,206.7,89.33333333333333,98.4854609929078,85.66481481481482,102.70301213380903,201.25991994343462
2006,East Midlands,212.05,91.5,98.4854609929078,87.92685185185185,102.4876871064874,206.90290315525854
2007,East Midlands,215.55,93.40833333333335,98.4854609929078,90.16944444444444,102.0230614216602,211.2757615742721
2008,East Midlands,225.65,95.36666666666667,98.4854609929078,92.78611111111111,101.22452614461308,222.9202828547976
2009,East Midlands,230.6,95.59166666666665,98.4854609929078,94.29666666666667,99.83798676602613,230.97420878529863
2010,East Midlands,235.4,94.71666666666665,98.4854609929078,93.79833333333333,99.44968368711153,236.7026130928834
2011,East Midlands,234.6,95.41666666666667,98.4854609929078,95.18181818181819,98.72846077727426,237.62144993756573
2012,East Midlands,238.75,97.00833333333333,98.4854609929078,96.76969696969697,98.7283284712441,241.82522250393313
2013,East Midlands,241.95,98.075,99.78210382513662,98.02727272727272,99.83068548562834,242.36035125175133
2014,East Midlands,242.29999999999998,99.24166666666667,100.67090163934427,99.1189393939394,100.79555052357101,240.38759522756732
2015,East Midlands,245.95,100.93333333333334,100.000956284153,100.69513888888889,100.23750863900203,245.36723162760433
2016,East Midlands,251.3,103.43333333333334,100.34713114754099,102.50902777777777,101.2519432681359,248.1927673570729
2017,East Midlands,258.90000000000003,106.22500000000001,103.07745901639343,104.19444444444444,105.08624660746206,246.369061944987
2018,East Midlands,265.45,109.10000000000001,105.59754098360655,105.59652777777778,109.1010468218818,243.30655638288533
2019,East Midlands,274.25,111.40833333333335,107.41379781420764,107.07777777777778,111.7579430563045,245.39642776158718
2020,East Midlands,281.8,114.00833333333333,108.13749999999999,108.80972222222222,113.3039942943211,248.71144371838275
2021,East Midlands,286.54999999999995,116.96666666666665,111.04800887978142,110.98194444444444,117.03629363910136,244.8385804865105
2022,East Midlands,302.59999999999997,122.05833333333334,121.68114754098362,115.18611111111112,128.94087597603783,234.6812038536443
2023,East Midlands,322.5,128.35833333333332,130.44344262295084,121.53876262626262,137.76265717655295,234.09827206417236
2024,East Midlands,342.4,132.8,133.365368852459,124.19090909090909,142.61044639460664,240.09461344267214
2025,East Midlands,360.79999999999995,132.8,137.37588797814206,124.19090909090909,146.8989804249103,245.610962687674
2002,London,240.29999999999998,75.85000000000001,98.4854609929078,85.66481481481482,87.2017552651054,275.5678475386817
2003,London,248.5,75.85000000000001,98.4854609929078,85.66481481481482,87.2017552651054,284.9713279790362
2004,London,255.3,75.85000000000001,98.4854609929078,85.66481481481482,87.2017552651054,292.7693361490863
2005,London,263.75,75.85000000000001,98.4854609929078,85.66481481481482,87.2017552651054,302.4595080662809
2006,London,269.1,77.60000000000001,98.4854609929078,87.92685185185185,86.91851933839807,309.60030388037165
2007,London,278.34999999999997,79.89166666666667,98.4854609929078,90.16944444444444,87.25979925501437,318.9899614443642
2008,London,291.1,83.54166666666667,98.4854609929078,92.78611111111111,88.67318023416168,328.28415450002393
2009,London,299.40000000000003,85.43333333333334,98.4854609929078,94.29666666666667,89.22840557277482,335.5433710577838
2010,London,303.5,84.86666666666666,98.4854609929078,93.79833333333333,89.10747656779377,340.5999268412617
2011,London,304.7,87.97500000000001,98.4854609929078,95.18181818181819,91.02850309394624,334.73032033222984
2012,London,306.95,92.44166666666666,98.4854609929078,96.76969696969697,94.08069304454179,326.2624775251994
2013,London,306.95,96.08333333333333,99.78210382513662,98.02727272727272,97.80336508193513,313.84400704704944
2014,London,308.90000000000003,98.25833333333333,100.67090163934427,99.1189393939394,99.79682057464316,309.52889903837956
2015,London,310.75,101.85833333333333,100.000956284153,100.69513888888889,101.1561317779493,307.1983818856737
2016,London,316.25,104.98333333333333,100.34713114754099,102.50902777777777,102.76925405188337,307.72822369649606
2017,London,327.40000000000003,106.29166666666667,103.07745901639343,104.19444444444444,105.15219859403614,311.35820684453955
2018,London,335.7,106.22500000000001,105.59754098360655,105.59652777777778,106.22601923606227,316.0242682670673
2019,London,350.0,107.0,107.41379781420764,107.07777777777778,107.33577596252148,326.07953579448645
2020,London,357.65,108.20833333333333,108.13749999999999,108.80972222222222,107.53982646822307,332.5744626393664
2021,London,366.25,108.31666666666666,111.04800887978142,110.98194444444444,108.38114453697916,337.9277839929409
2022,London,383.65000000000003,110.39166666666667,121.68114754098362,115.18611111111112,116.61635720997974,328.98472322300273
2023,London,402.84999999999997,116.575,130.44344262295084,121.53876262626262,125.11600410587543,321.9811908787472
2024,London,427.8,121.2,133.365368852459,124.19090909090909,130.1535098119452,328.68879265577624
2025,London,451.70000000000005,121.2,137.37588797814206,124.19090909090909,134.06744297815607,336.9199784571088
2002,North East,172.4,87.39166666666667,98.4854609929078,85.66481481481482,100.47075450067682,171.5922218926291
2003,North East,175.85,87.39166666666667,98.4854609929078,85.66481481481482,100.47075450067682,175.02605695950595
2004,North East,185.15,87.39166666666667,98.4854609929078,85.66481481481482,100.47075450067682,184.2824819223914
2005,North East,192.35,87.39166666666667,98.4854609929078,85.66481481481482,100.47075450067682,191.44874640978657
2006,North East,196.4,90.05,98.4854609929078,87.92685185185185,100.86356528895288,194.71847880585557
2007,North East,201.3,92.24166666666667,98.4854609929078,90.16944444444444,100.74879711627769,199.80387435065123
2008,North East,211.65,94.95,98.4854609929078,92.78611111111111,100.78226589406864,210.00718541341735
2009,North East,220.0,96.91666666666667,98.4854609929078,94.29666666666667,101.2218451825372,217.34438806491391
2010,North East,222.29999999999998,97.08333333333333,98.4854609929078,93.79833333333333,101.93461331645693,218.08097639009785
2011,North East,224.8,98.25,98.4854609929078,95.18181818181819,101.66013559511472,221.12895943334033
2012,North East,228.0,98.96666666666665,98.4854609929078,96.76969696969697,100.72138380933724,226.36702493245883
2013,North East,236.7,99.52499999999999,99.78210382513662,98.02727272727272,101.30664259961415,233.64706787835203
2014,North East,239.0,99.83333333333333,100.67090163934427,99.1189393939394,101.39648125555298,235.70837670159403
2015,North East,243.4,100.3,100.000956284153,100.69513888888889,99.60854144476787,244.3565546384025
2016,North East,246.79999999999998,101.23333333333333,100.34713114754099,102.50902777777777,99.0983408653976,249.04554187765996
2017,North East,252.65,101.72500000000001,103.07745901639343,104.19444444444444,100.63448751371219,251.05707421183476
2018,North East,256.25,101.90833333333335,105.59754098360655,105.59652777777778,101.90931115068688,251.44905515169197
2019,North East,266.4,102.38333333333333,107.41379781420764,107.07777777777778,102.7046217660077,259.3846269225741
2020,North East,263.35,103.33333333333333,108.13749999999999,108.80972222222222,102.69494402818374,256.4391095317466
2021,North East,274.1,104.925,111.04800887978142,110.98194444444444,104.98745890637827,261.0788020352283
2022,North East,291.3,107.95,121.68114754098362,115.18611111111112,114.03701149679758,255.4433829653458
2023,North East,309.3,112.75,130.44344262295084,121.53876262626262,121.01076099453103,255.59710347906872
2024,North East,331.3,115.9,133.365368852459,124.19090909090909,124.46197844228094,266.18570919924747
2025,North East,346.7,115.9,137.37588797814206,124.19090909090909,128.2047577654149,270.426781379191
2002,North West,185.54999999999998,89.08333333333333,98.4854609929078,85.66481481481482,102.41559698791218,181.1735765421549
2003,North West,192.04999999999998,89.08333333333333,98.4854609929078,85.66481481481482,102.41559698791218,187.52026610035492
2004,North West,197.95,89.08333333333333,98.4854609929078,85.66481481481482,102.41559698791218,193.28110739164413
2005,North West,205.15,89.08333333333333,98.4854609929078,85.66481481481482,102.41559698791218,200.31128659457335
2006,North West,210.25,90.825,98.4854609929078,87.92685185185185,101.7316303983248,206.67121835831912
2007,North West,217.29999999999998,93.02499999999999,98.4854609929078,90.16944444444444,101.60437457846305,213.8687442361963
2008,North West,226.1,94.925,98.4854609929078,92.78611111111111,100.75573027903596,224.40411019187874
2009,North West,230.4,96.2,98.4854609929078,94.29666666666667,100.47334314593373,229.31455527000105
2010,North West,235.95,96.54166666666667,98.4854609929078,93.79833333333333,101.36587942241663,232.77063381134212
2011,North West,229.75,97.80833333333334,98.4854609929078,95.18181818181819,101.20313922645134,227.01864957559587
2012,North West,236.5,98.77499999999999,98.4854609929078,96.76969696969697,100.52631881880048,235.26177301517745
2013,North West,242.0,99.19166666666666,99.78210382513662,98.02727272727272,100.9673421136404,239.6814602959688
2014,North West,243.05,99.59166666666665,100.67090163934427,99.1189393939394,101.15103067488427,240.28425452351732
2015,North West,246.15,100.3,100.000956284153,100.69513888888889,99.60854144476787,247.11736205522917
2016,North West,251.65,101.45833333333333,100.34713114754099,102.50902777777777,99.31859565658674,253.37651860294983
2017,North West,257.7,102.8,103.07745901639343,104.19444444444444,101.6979632972191,253.39740506587577
2018,North West,265.29999999999995,103.95,105.59754098360655,105.59652777777778,103.95099740728334,255.2164064001676
2019,North West,278.34999999999997,105.25833333333333,107.41379781420764,107.07777777777778,105.58864378369228,263.6173645436953
2020,North West,279.6,106.47500000000001,108.13749999999999,108.80972222222222,105.81720160065353,264.2292517384746
2021,North West,287.95000000000005,108.8,111.04800887978142,110.98194444444444,108.86476558507462,264.50247557367453
2022,North West,302.59999999999997,113.00833333333333,121.68114754098362,115.18611111111112,119.38057070465275,253.4750824308184
2023,North West,327.0,118.73333333333333,130.44344262295084,121.53876262626262,127.43247026238566,256.606498584467
2024,North West,348.70000000000005,122.7,133.365368852459,124.19090909090909,131.76432057694453,264.63916671309715
2025,North West,367.75,122.7,137.37588797814206,124.19090909090909,135.72669351006394,270.9489124722042
2002,Northern Ireland,171.95,100.3,98.4854609929078,85.66481481481482,115.31095653381769,149.11852712762084
2003,Northern Ireland,176.95,100.3,98.4854609929078,85.66481481481482,115.31095653381769,153.4546285270864
2004,Northern Ireland,187.3,100.3,98.4854609929078,85.66481481481482,115.31095653381769,162.43035842398012
2005,Northern Ireland,193.5,100.3,98.4854609929078,85.66481481481482,115.31095653381769,167.80712415931742
2006,Northern Ireland,202.15,100.3,98.4854609929078,87.92685185185185,112.34442641290367,179.93772050340132
2007,Northern Ireland,201.05,100.3,98.4854609929078,90.16944444444444,109.5503227113125,183.52296462860073
2008,Northern Ireland,209.65,100.3,98.4854609929078,92.78611111111111,106.46088751105934,196.92678212758764
2009,Northern Ireland,219.25,100.3,98.4854609929078,94.29666666666667,104.75547107626979,209.29694434801377
2010,Northern Ireland,219.8,100.3,98.4854609929078,93.79833333333333,105.31201767183482,208.71312207209226
2011,Northern Ireland,223.4,100.3,98.4854609929078,95.18181818181819,103.78128855155222,215.26038375311606
2012,Northern Ireland,230.1,100.3,98.4854609929078,96.76969696969697,102.07835765654963,225.415068661458
2013,Northern Ireland,232.95,100.3,99.78210382513662,98.02727272727272,102.09551622950313,228.16868811001032
2014,Northern Ireland,230.8,100.3,100.67090163934427,99.1189393939394,101.87045479063738,226.56225543935844
2015,Northern Ireland,242.95,100.3,100.000956284153,100.69513888888889,99.60854144476787,243.90478615201266
2016,Northern Ireland,247.6,102.375,100.34713114754099,102.50902777777777,100.21592999106103,247.06650930853527
2017,Northern Ireland,250.75,103.80833333333334,103.07745901639343,104.19444444444444,102.69548709415194,244.16847039257982
2018,Northern Ireland,259.9,105.89166666666667,105.59754098360655,105.59652777777778,105.89268270437304,245.43716653735027
2019,Northern Ireland,268.05,108.08333333333333,107.41379781420764,107.07777777777778,108.42250889672147,247.22726187357708
2020,Northern Ireland,265.1,110.91666666666667,108.13749999999999,108.80972222222222,110.23142782380047,240.49402718773572
2021,Northern Ireland,287.75,115.91666666666667,111.04800887978142,110.98194444444444,115.98566860358363,248.0909956069429
2022,Northern Ireland,297.95000000000005,125.55833333333334,121.68114754098362,115.18611111111112,132.63823160585525,224.63357388945101
2023,Northern Ireland,320.7,136.88181818181818,130.44344262295084,121.53876262626262,146.91062513966165,218.2959875741623
2024,Northern Ireland,332.90000000000003,136.88181818181818,133.365368852459,124.19090909090909,146.99380417330175,226.47213049028915
2025,Northern Ireland,358.45,136.88181818181818,137.37588797814206,124.19090909090909,151.41415308446562,236.73480496901797
2002,Scotland,185.15,94.43333333333334,98.4854609929078,85.66481481481482,108.56628111010485,170.5409802259194
2003,Scotland,191.4,94.43333333333334,98.4854609929078,85.66481481481482,108.56628111010485,176.29783211040225
2004,Scotland,195.85000000000002,94.43333333333334,98.4854609929078,85.66481481481482,108.56628111010485,180.39671065215404
2005,Scotland,205.45000000000002,94.43333333333334,98.4854609929078,85.66481481481482,108.56628111010485,189.23923514671966
2006,Scotland,214.39999999999998,94.43333333333334,98.4854609929078,87.92685185185185,105.77326687529282,202.69771969204524
2007,Scotland,221.0,94.43333333333334,98.4854609929078,90.16944444444444,103.14259363281765,214.26647538721846
2008,Scotland,232.0,94.43333333333334,98.4854609929078,92.78611111111111,100.23386318339351,231.4587033082021
2009,Scotland,236.04999999999998,94.43333333333334,98.4854609929078,94.29666666666667,98.62819859058567,239.33317587991678
2010,Scotland,243.70000000000002,94.43333333333334,98.4854609929078,93.79833333333333,99.15219211176738,245.78377422588292
2011,Scotland,244.0,94.43333333333334,98.4854609929078,95.18181818181819,97.71099716402374,249.7160064699846
2012,Scotland,249.55,95.54166666666667,98.4854609929078,96.76969696969697,97.23565723931053,256.6445346132876
2013,Scotland,254.45,96.97500000000001,99.78210382513662,98.02727272727272,98.71099388191493,257.7727059504548
2014,Scotland,259.75,98.72500000000001,100.67090163934427,99.1189393939394,100.27079410972758,259.0485118884691
2015,Scotland,263.95,100.43333333333334,100.000956284153,100.69513888888889,99.74095559092244,264.63552352813275
2016,Scotland,268.4,100.7,100.34713114754099,102.50902777777777,98.57625543443073,272.27652218797226
2017,Scotland,274.09999999999997,100.85000000000001,103.07745901639343,104.19444444444444,99.7688676899275,274.73500135521
2018,Scotland,281.75,101.38333333333333,105.59754098360655,105.59652777777778,101.38430611327634,277.9029721673113
2019,Scotland,289.5,102.16666666666667,107.41379781420764,107.07777777777778,102.48727517916771,282.47409202156814
2020,Scotland,298.0,102.81666666666666,108.13749999999999,108.80972222222222,102.18146930804282,291.6380063998004
2021,Scotland,310.5,104.27499999999999,111.04800887978142,110.98194444444444,104.33707197962919,297.59317001019747
2022,Scotland,321.0,107.90833333333335,121.68114754098362,115.18611111111112,113.99299535834739,281.5962498317613
2023,Scotland,355.15,113.94166666666666,130.44344262295084,121.53876262626262,122.28973651723746,290.41684945485144
2024,Scotland,370.40000000000003,118.4,133.365368852459,124.19090909090909,127.14666305061314,291.31712237902406
2025,Scotland,388.1,118.4,137.37588797814206,124.19090909090909,130.9701753185947,296.32700655391034
2002,South East,217.9,83.59166666666667,98.4854609929078,85.66481481481482,96.10204428304462,226.73815278916427
2003,South East,225.9,83.59166666666667,98.4854609929078,85.66481481481482,96.10204428304462,235.06263751754108
2004,South East,231.25,83.59166666666667,98.4854609929078,85.66481481481482,96.10204428304462,240.6296366796431
2005,South East,234.79999999999998,83.59166666666667,98.4854609929078,85.66481481481482,96.10204428304462,244.3236267778603
2006,South East,243.65,85.50833333333333,98.4854609929078,87.92685185185185,95.77651706736494,254.39429983513335
2007,South East,251.55,87.51666666666667,98.4854609929078,90.16944444444444,95.58802667947856,263.1605743295508
2008,South East,262.75,90.39999999999999,98.4854609929078,92.78611111111111,95.95278395812325,273.8325967849689
2009,South East,268.6,91.925,98.4854609929078,94.29666666666667,96.00844146247357,279.76706621676243
2010,South East,274.25,90.68333333333334,98.4854609929078,93.79833333333333,95.21480361456518,288.0329419258997
2011,South East,277.7,92.99166666666667,98.4854609929078,95.18181818181819,96.21929203612257,288.61156024276926
2012,South East,278.25,95.26666666666667,98.4854609929078,96.76969696969697,96.95578138332297,286.98649634921185
2013,South East,279.15000000000003,96.925,99.78210382513662,98.02727272727272,98.66009880901888,282.9411315919764
2014,South East,283.95000000000005,98.625,100.67090163934427,99.1189393939394,100.16922835220947,283.4702879027787
2015,South East,287.75,101.08333333333333,100.000956284153,100.69513888888889,100.38647455342591,286.64220083439506
2016,South East,291.25,104.375,100.34713114754099,102.50902777777777,102.17375035718678,285.05364536568936
2017,South East,298.25,107.25833333333333,103.07745901639343,104.19444444444444,106.10850239936015,281.080208707006
2018,South East,307.8,108.89999999999999,105.59754098360655,105.59652777777778,108.90104490286825,282.64191613086456
2019,South East,318.5,110.61666666666667,107.41379781420764,107.07777777777778,110.96379206592759,287.0305656197903
2020,South East,314.9,111.81666666666666,108.13749999999999,108.80972222222222,111.12586765888463,283.3723656193414
2021,South East,330.4,113.48333333333333,111.04800887978142,110.98194444444444,113.55088677524098,290.9708672324006
2022,South East,344.9,117.13333333333333,121.68114754098362,115.18611111111112,123.7381684112233,278.73372010306633
2023,South East,364.5,122.86666666666667,130.44344262295084,121.53876262626262,131.8686371103744,276.41144095158313
2024,South East,390.4,127.0,133.365368852459,124.19090909090909,136.38197810327594,286.25483031516643
2025,South East,407.95000000000005,127.0,137.37588797814206,124.19090909090909,140.48321170153318,290.3905705592207
2002,South West,184.10000000000002,84.39166666666667,98.4854609929078,85.66481481481482,97.02177274991456,189.75122261942192
2003,South West,192.45,84.39166666666667,98.4854609929078,85.66481481481482,97.02177274991456,198.35753825696764
2004,South West,198.95,84.39166666666667,98.4854609929078,85.66481481481482,97.02177274991456,205.05706539996734
2005,South West,203.55,84.39166666666667,98.4854609929078,85.66481481481482,97.02177274991456,209.79826922424408
2006,South West,210.75,86.7,98.4854609929078,87.92685185185185,97.11128384844216,217.01906477614838
2007,South West,216.85000000000002,89.33333333333333,98.4854609929078,90.16944444444444,97.57223824071701,222.245593531448
2008,South West,226.5,92.59166666666665,98.4854609929078,92.78611111111111,98.27907287598705,230.46615456558882
2009,South West,230.5,93.78333333333335,98.4854609929078,94.29666666666667,97.94932465041046,235.325767505467
2010,South West,234.6,93.10000000000001,98.4854609929078,93.79833333333333,97.7522317572066,239.99452061891623
2011,South West,236.2,94.43333333333334,98.4854609929078,95.18181818181819,97.71099716402374,241.73328167299331
2012,South West,239.14999999999998,96.22500000000001,98.4854609929078,96.76969696969697,97.93110633600686,244.20228561440277
2013,South West,242.95000000000002,97.64999999999999,99.78210382513662,98.02727272727272,99.39807736601178,244.4212266856929
2014,South West,248.35,98.97500000000001,100.67090163934427,99.1189393939394,100.52470850352279,247.05368828927945
2015,South West,249.6,100.64999999999999,100.000956284153,100.69513888888889,99.95612857842359,249.70955112989276
2016,South West,257.15,102.55833333333334,100.34713114754099,102.50902777777777,100.3953968579559,256.13724139546736
2017,South West,263.95,105.01666666666667,103.07745901639343,104.19444444444444,103.89086685080699,254.06468152686293
2018,South West,269.25,107.05833333333334,105.59754098360655,105.59652777777778,107.05936056528532,251.4959911756712
2019,South West,280.9,109.175,107.41379781420764,107.07777777777778,109.51760131503067,256.488451743919
2020,South West,280.05,111.84166666666665,108.13749999999999,108.80972222222222,111.15071320985919,251.95519840817292
2021,South West,288.45,114.75,111.04800887978142,110.98194444444444,114.81830745300839,251.2230030198396
2022,South West,311.45,119.325,121.68114754098362,115.18611111111112,126.05341729370423,247.07779184940466
2023,South West,334.2,125.26666666666667,130.44344262295084,121.53876262626262,134.44447592533558,248.57845419070966
2024,South West,351.09999999999997,129.2,133.365368852459,124.19090909090909,138.74450055860825,253.0550750382274
2025,South West,367.35,129.2,137.37588797814206,124.19090909090909,142.9167791483314,257.0376985747296
2002,Wales,177.5,96.83333333333333,98.4854609929078,85.66481481481482,111.32546651071463,159.4424039381109
2003,Wales,185.05,96.83333333333333,98.4854609929078,85.66481481481482,111.32546651071463,166.22432027463336
2004,Wales,192.2,96.83333333333333,98.4854609929078,85.66481481481482,111.32546651071463,172.6469297853798
2005,Wales,197.39999999999998,96.83333333333333,98.4854609929078,85.66481481481482,111.32546651071463,177.3179185204681
2006,Wales,202.85,96.83333333333333,98.4854609929078,87.92685185185185,108.46146850431543,187.0249433253147
2007,Wales,208.20000000000002,96.83333333333333,98.4854609929078,90.16944444444444,105.76393734674735,196.85348827116349
2008,Wales,213.15,96.83333333333333,98.4854609929078,92.78611111111111,102.78128222652953,207.38211801076608
2009,Wales,222.95000000000002,96.83333333333333,98.4854609929078,94.29666666666667,101.13481006200189,220.44833016774135
2010,Wales,228.79999999999998,96.53333333333335,98.4854609929078,93.79833333333333,101.35712967020062,225.73646347768275
2011,Wales,228.15,97.64166666666667,98.4854609929078,95.18181818181819,101.03068776657838,225.8224753721547
2012,Wales,228.1,98.375,98.4854609929078,96.76969696969697,100.11922666463678,227.8283678359328
2013,Wales,238.25,99.00833333333333,99.78210382513662,98.02727272727272,100.78072684635482,236.4043279457826
2014,Wales,240.65,99.45,100.67090163934427,99.1189393939394,101.00714585173367,238.25047027192042
2015,Wales,244.45000000000002,100.14166666666667,100.000956284153,100.69513888888889,99.45129964620932,245.798698327335
2016,Wales,250.2,100.30833333333334,100.34713114754099,102.50902777777777,98.19284894606446,254.80470592866723
2017,Wales,253.45,101.39166666666667,103.07745901639343,104.19444444444444,100.30472758084181,252.68001430513718
2018,Wales,259.85,102.49166666666667,105.59754098360655,105.59652777777778,102.49265008114301,253.5303749042276
2019,Wales,270.7,103.63333333333333,107.41379781420764,107.07777777777778,103.95854438239229,260.3922569406898
2020,Wales,274.34999999999997,105.05833333333334,108.13749999999999,108.80972222222222,104.40928704542843,262.76398179084435
2021,Wales,286.8,106.52499999999999,111.04800887978142,110.98194444444444,106.58841134145287,269.07240326647195
2022,Wales,302.65,108.94166666666666,121.68114754098362,115.18611111111112,115.08459559191252,262.9804609760201
2023,Wales,322.2,115.23333333333333,130.44344262295084,121.53876262626262,123.67603865723393,260.51934028463825
2024,Wales,343.15,119.5,133.365368852459,124.19090909090909,128.3279242782793,267.4008809305437
2025,Wales,360.15,119.5,137.37588797814206,124.19090909090909,132.18695904199382,272.4550156915144
2002,West Midlands,183.45,88.59166666666665,98.4854609929078,85.66481481481482,101.85034720098169,180.11720631447372
2003,West Midlands,189.89999999999998,88.59166666666665,98.4854609929078,85.66481481481482,101.85034720098169,186.45002714155657
2004,West Midlands,196.95,88.59166666666665,98.4854609929078,85.66481481481482,101.85034720098169,193.37194758046115
2005,West Midlands,202.85,88.59166666666665,98.4854609929078,85.66481481481482,101.85034720098169,199.16476043004084
2006,West Midlands,208.65,90.89999999999999,98.4854609929078,87.92685185185185,101.81563669923173,204.92922969814754
2007,West Midlands,216.05,92.78333333333335,98.4854609929078,90.16944444444444,101.340419829491,213.1923277637019
2008,West Midlands,225.4,94.85000000000001,98.4854609929078,92.78611111111111,100.67612343393797,223.88625258093472
2009,West Midlands,228.8,95.58333333333333,98.4854609929078,94.29666666666667,99.82928325397262,229.19126787469457
2010,West Midlands,235.04999999999998,94.77499999999999,98.4854609929078,93.79833333333333,99.51093195262357,236.20520417988408
2011,West Midlands,233.1,95.77499999999999,98.4854609929078,95.18181818181819,99.09923141600112,235.21877684549062
2012,West Midlands,235.15,96.99166666666667,98.4854609929078,96.76969696969697,98.71136629815396,238.2197803743677
2013,West Midlands,241.9,98.00833333333333,99.78210382513662,98.02727272727272,99.76282538843355,242.47508935131438
2014,West Midlands,240.95,99.2,100.67090163934427,99.1189393939394,100.75323145793847,239.14865708360887
2015,West Midlands,246.4,100.80833333333334,100.000956284153,100.69513888888889,100.11337037698215,246.12097172652153
2016,West Midlands,254.3,102.675,100.34713114754099,102.50902777777777,100.5096030459799,253.01065002084027
2017,West Midlands,259.05,104.77499999999999,103.07745901639343,104.19444444444444,103.65179089947597,249.92332284083062
2018,West Midlands,268.25,106.575,105.59754098360655,105.59652777777778,106.57602259433595,251.69826521022404
2019,West Midlands,275.84999999999997,108.18333333333334,107.41379781420764,107.07777777777778,108.52282270603223,254.18616390694643
2020,West Midlands,276.40000000000003,110.35833333333333,108.13749999999999,108.80972222222222,109.67654385203527,252.01377641229428
2021,West Midlands,289.84999999999997,112.81666666666666,111.04800887978142,110.98194444444444,112.88382326062654,256.7684116534513
2022,West Midlands,308.0,116.66666666666667,121.68114754098362,115.18611111111112,123.24518766058098,249.9083378802882
2023,West Midlands,329.34999999999997,122.68333333333334,130.44344262295084,121.53876262626262,131.67187164534263,250.12935252192827
2024,West Midlands,345.34999999999997,126.7,133.365368852459,124.19090909090909,136.05981595027606,253.8221866522371
2025,West Midlands,365.9,126.7,137.37588797814206,124.19090909090909,140.15136159515157,261.0748806400879
2002,Yorkshire and The Humber,180.4,86.125,98.4854609929078,85.66481481481482,99.01451776146608,182.19550433462504
2003,Yorkshire and The Humber,188.25,86.125,98.4854609929078,85.66481481481482,99.01451776146608,190.12363465073813
2004,Yorkshire and The Humber,196.3,86.125,98.4854609929078,85.66481481481482,99.01451776146608,198.25375554815352
2005,Yorkshire and The Humber,200.45,86.125,98.4854609929078,85.66481481481482,99.01451776146608,202.4450601101751
2006,Yorkshire and The Humber,206.8,88.89999999999999,98.4854609929078,87.92685185185185,99.57546867504621,207.68167376130512
2007,Yorkshire and The Humber,213.3,91.875,98.4854609929078,90.16944444444444,100.34831404887176,212.5596249640212
2008,Yorkshire and The Humber,222.65,94.53333333333335,98.4854609929078,92.78611111111111,100.3400056435242,221.89554263232148
2009,Yorkshire and The Humber,226.75,95.85833333333333,98.4854609929078,94.29666666666667,100.11649915173906,226.48614556161425
2010,Yorkshire and The Humber,231.7,96.175,98.4854609929078,93.79833333333333,100.9808903249124,229.4493534910324
2011,Yorkshire and The Humber,231.29999999999998,97.27499999999999,98.4854609929078,95.18181818181819,100.65129455485783,229.80330359679067
2012,Yorkshire and The Humber,233.1,98.22500000000001,98.4854609929078,96.76969696969697,99.9665671068254,233.17795813765088
2013,Yorkshire and The Humber,240.05,99.19166666666666,99.78210382513662,98.02727272727272,100.9673421136404,237.75014274399715
2014,Yorkshire and The Humber,239.95,99.675,100.67090163934427,99.1189393939394,101.23566880614935,237.02120293141652
2015,Yorkshire and The Humber,240.75,100.36666666666667,100.000956284153,100.69513888888889,99.67474851784516,241.53559811279342
2016,Yorkshire and The Humber,249.6,101.74166666666667,100.34713114754099,102.50902777777777,99.59595354178789,250.6125912989771
2017,Yorkshire and The Humber,251.55,103.38333333333333,103.07745901639343,104.19444444444444,102.27504317974223,245.95443050355505
2018,Yorkshire and The Humber,260.65,104.88333333333333,105.59754098360655,105.59652777777778,104.88433969601314,248.51183766370016
2019,Yorkshire and The Humber,270.84999999999997,106.8,107.41379781420764,107.07777777777778,107.13514834389994,252.81152281656557
2020,Yorkshire and The Humber,270.35,108.925,108.13749999999999,108.80972222222222,108.25206559616046,249.74119293811324
2021,Yorkshire and The Humber,284.05,110.85000000000001,111.04800887978142,110.98194444444444,110.915985892514,256.09473487010786
2022,Yorkshire and The Humber,297.75,114.72500000000001,121.68114754098362,115.18611111111112,121.19403560880133,245.68040704667885
2023,Yorkshire and The Humber,317.85,120.79166666666667,130.44344262295084,121.53876262626262,129.64160980160588,245.17591264595882
2024,Yorkshire and The Humber,338.70000000000005,124.6,133.365368852459,124.19090909090909,133.804680879277,253.1301579094878
2025,Yorkshire and The Humber,356.2,124.6,137.37588797814206,124.19090909090909,137.82841085048057,258.437282851947
