City,geography,Religion (10 categories) Code,Religion (10 categories),Proxy_Flag,Proxy_Source,Observation,Source_Area_Count,Source_Areas
Bangor,Wales,-8,Does not apply,True,area_to_city,0,1,Gwynedd
Bangor,Wales,1,No religion,True,area_to_city,51941,1,Gwynedd
Bangor,Wales,2,Christian,True,area_to_city,54249,1,Gwynedd
Bangor,Wales,3,Buddhist,True,area_to_city,426,1,Gwynedd
Bangor,Wales,4,Hindu,True,area_to_city,255,1,Gwynedd
Bangor,Wales,5,Jewish,True,area_to_city,59,1,Gwynedd
Bangor,Wales,6,Muslim,True,area_to_city,1137,1,Gwynedd
Bangor,Wales,7,Sikh,True,area_to_city,46,1,Gwynedd
Bangor,Wales,8,Other religion,True,area_to_city,770,1,Gwynedd
Bangor,Wales,9,Not answered,True,area_to_city,8512,1,Gwynedd
Bath,South West,-8,Does not apply,True,area_to_city,0,1,Bath and North East Somerset
Bath,South West,1,No religion,True,area_to_city,92567,1,Bath and North East Somerset
Bath,South West,2,Christian,True,area_to_city,81553,1,Bath and North East Somerset
Bath,South West,3,Buddhist,True,area_to_city,996,1,Bath and North East Somerset
Bath,South West,4,Hindu,True,area_to_city,875,1,Bath and North East Somerset
Bath,South West,5,Jewish,True,area_to_city,325,1,Bath and North East Somerset
Bath,South West,6,Muslim,True,area_to_city,1909,1,Bath and North East Somerset
Bath,South West,7,Sikh,True,area_to_city,162,1,Bath and North East Somerset
Bath,South West,8,Other religion,True,area_to_city,1097,1,Bath and North East Somerset
Bath,South West,9,Not answered,True,area_to_city,13930,1,Bath and North East Somerset
Birmingham,West Midlands,-8,Does not apply,False,direct_or_alias,0,1,Birmingham
Birmingham,West Midlands,1,No religion,False,direct_or_alias,276327,1,Birmingham
Birmingham,West Midlands,2,Christian,False,direct_or_alias,389406,1,Birmingham
Birmingham,West Midlands,3,Buddhist,False,direct_or_alias,4340,1,Birmingham
Birmingham,West Midlands,4,Hindu,False,direct_or_alias,21997,1,Birmingham
Birmingham,West Midlands,5,Jewish,False,direct_or_alias,1687,1,Birmingham
Birmingham,West Midlands,6,Muslim,False,direct_or_alias,341811,1,Birmingham
Birmingham,West Midlands,7,Sikh,False,direct_or_alias,33126,1,Birmingham
Birmingham,West Midlands,8,Other religion,False,direct_or_alias,6367,1,Birmingham
Birmingham,West Midlands,9,Not answered,False,direct_or_alias,69856,1,Birmingham
Bradford,Yorkshire and The Humber,-8,Does not apply,False,direct_or_alias,0,1,Bradford
Bradford,Yorkshire and The Humber,1,No religion,False,direct_or_alias,154305,1,Bradford
Bradford,Yorkshire and The Humber,2,Christian,False,direct_or_alias,182566,1,Bradford
Bradford,Yorkshire and The Humber,3,Buddhist,False,direct_or_alias,959,1,Bradford
Bradford,Yorkshire and The Humber,4,Hindu,False,direct_or_alias,4757,1,Bradford
Bradford,Yorkshire and The Humber,5,Jewish,False,direct_or_alias,254,1,Bradford
Bradford,Yorkshire and The Humber,6,Muslim,False,direct_or_alias,166846,1,Bradford
Bradford,Yorkshire and The Humber,7,Sikh,False,direct_or_alias,4834,1,Bradford
Bradford,Yorkshire and The Humber,8,Other religion,False,direct_or_alias,2074,1,Bradford
Bradford,Yorkshire and The Humber,9,Not answered,False,direct_or_alias,29816,1,Bradford
Brighton and Hove,South East,-8,Does not apply,False,direct_or_alias,0,1,Brighton and Hove
Brighton and Hove,South East,1,No religion,False,direct_or_alias,152966,1,Brighton and Hove
Brighton and Hove,South East,2,Christian,False,direct_or_alias,85629,1,Brighton and Hove
Brighton and Hove,South East,3,Buddhist,False,direct_or_alias,2455,1,Brighton and Hove
Brighton and Hove,South East,4,Hindu,False,direct_or_alias,2100,1,Brighton and Hove
Brighton and Hove,South East,5,Jewish,False,direct_or_alias,2455,1,Brighton and Hove
Brighton and Hove,South East,6,Muslim,False,direct_or_alias,8500,1,Brighton and Hove
Brighton and Hove,South East,7,Sikh,False,direct_or_alias,378,1,Brighton and Hove
Brighton and Hove,South East,8,Other religion,False,direct_or_alias,2860,1,Brighton and Hove
Brighton and Hove,South East,9,Not answered,False,direct_or_alias,19760,1,Brighton and Hove
Bristol,South West,-8,Does not apply,False,direct_or_alias,0,1,Bristol
Bristol,South West,1,No religion,False,direct_or_alias,242864,1,Bristol
Bristol,South West,2,Christian,False,direct_or_alias,152126,1,Bristol
Bristol,South West,3,Buddhist,False,direct_or_alias,2710,1,Bristol
Bristol,South West,4,Hindu,False,direct_or_alias,3545,1,Bristol
Bristol,South West,5,Jewish,False,direct_or_alias,1228,1,Bristol
Bristol,South West,6,Muslim,False,direct_or_alias,31776,1,Bristol
Bristol,South West,7,Sikh,False,direct_or_alias,2247,1,Bristol
Bristol,South West,8,Other religion,False,direct_or_alias,3546,1,Bristol
Bristol,South West,9,Not answered,False,direct_or_alias,32423,1,Bristol
Cambridge,East,-8,Does not apply,False,direct_or_alias,0,1,Cambridge
Cambridge,East,1,No religion,False,direct_or_alias,65160,1,Cambridge
Cambridge,East,2,Christian,False,direct_or_alias,51335,1,Cambridge
Cambridge,East,3,Buddhist,False,direct_or_alias,1668,1,Cambridge
Cambridge,East,4,Hindu,False,direct_or_alias,3301,1,Cambridge
Cambridge,East,5,Jewish,False,direct_or_alias,1057,1,Cambridge
Cambridge,East,6,Muslim,False,direct_or_alias,7392,1,Cambridge
Cambridge,East,7,Sikh,False,direct_or_alias,322,1,Cambridge
Cambridge,East,8,Other religion,False,direct_or_alias,1122,1,Cambridge
Cambridge,East,9,Not answered,False,direct_or_alias,14315,1,Cambridge
Canterbury,South East,-8,Does not apply,False,direct_or_alias,0,1,Canterbury
Canterbury,South East,1,No religion,False,direct_or_alias,66087,1,Canterbury
Canterbury,South East,2,Christian,False,direct_or_alias,73413,1,Canterbury
Canterbury,South East,3,Buddhist,False,direct_or_alias,961,1,Canterbury
Canterbury,South East,4,Hindu,False,direct_or_alias,1297,1,Canterbury
Canterbury,South East,5,Jewish,False,direct_or_alias,310,1,Canterbury
Canterbury,South East,6,Muslim,False,direct_or_alias,2875,1,Canterbury
Canterbury,South East,7,Sikh,False,direct_or_alias,279,1,Canterbury
Canterbury,South East,8,Other religion,False,direct_or_alias,1145,1,Canterbury
Canterbury,South East,9,Not answered,False,direct_or_alias,11062,1,Canterbury
Cardiff,Wales,-8,Does not apply,False,direct_or_alias,0,1,Cardiff
Cardiff,Wales,1,No religion,False,direct_or_alias,155589,1,Cardiff
Cardiff,Wales,2,Christian,False,direct_or_alias,138885,1,Cardiff
Cardiff,Wales,3,Buddhist,False,direct_or_alias,1630,1,Cardiff
Cardiff,Wales,4,Hindu,False,direct_or_alias,5434,1,Cardiff
Cardiff,Wales,5,Jewish,False,direct_or_alias,690,1,Cardiff
Cardiff,Wales,6,Muslim,False,direct_or_alias,33650,1,Cardiff
Cardiff,Wales,7,Sikh,False,direct_or_alias,1517,1,Cardiff
Cardiff,Wales,8,Other religion,False,direct_or_alias,2028,1,Cardiff
Cardiff,Wales,9,Not answered,False,direct_or_alias,22888,1,Cardiff
Carlisle,North West,-8,Does not apply,False,direct_or_alias,0,1,Carlisle
Carlisle,North West,1,No religion,False,direct_or_alias,43058,1,Carlisle
Carlisle,North West,2,Christian,False,direct_or_alias,58690,1,Carlisle
Carlisle,North West,3,Buddhist,False,direct_or_alias,340,1,Carlisle
Carlisle,North West,4,Hindu,False,direct_or_alias,358,1,Carlisle
Carlisle,North West,5,Jewish,False,direct_or_alias,44,1,Carlisle
Carlisle,North West,6,Muslim,False,direct_or_alias,874,1,Carlisle
Carlisle,North West,7,Sikh,False,direct_or_alias,30,1,Carlisle
Carlisle,North West,8,Other religion,False,direct_or_alias,412,1,Carlisle
Carlisle,North West,9,Not answered,False,direct_or_alias,6216,1,Carlisle
Chelmsford,East,-8,Does not apply,False,direct_or_alias,0,1,Chelmsford
Chelmsford,East,1,No religion,False,direct_or_alias,74741,1,Chelmsford
Chelmsford,East,2,Christian,False,direct_or_alias,87181,1,Chelmsford
Chelmsford,East,3,Buddhist,False,direct_or_alias,878,1,Chelmsford
Chelmsford,East,4,Hindu,False,direct_or_alias,3084,1,Chelmsford
Chelmsford,East,5,Jewish,False,direct_or_alias,387,1,Chelmsford
Chelmsford,East,6,Muslim,False,direct_or_alias,3666,1,Chelmsford
Chelmsford,East,7,Sikh,False,direct_or_alias,284,1,Chelmsford
Chelmsford,East,8,Other religion,False,direct_or_alias,757,1,Chelmsford
Chelmsford,East,9,Not answered,False,direct_or_alias,10545,1,Chelmsford
Chester,North West,-8,Does not apply,True,area_to_city,0,1,Cheshire West and Chester
Chester,North West,1,No religion,True,area_to_city,135025,1,Cheshire West and Chester
Chester,North West,2,Christian,True,area_to_city,194705,1,Cheshire West and Chester
Chester,North West,3,Buddhist,True,area_to_city,1074,1,Cheshire West and Chester
Chester,North West,4,Hindu,True,area_to_city,1551,1,Cheshire West and Chester
Chester,North West,5,Jewish,True,area_to_city,288,1,Cheshire West and Chester
Chester,North West,6,Muslim,True,area_to_city,3506,1,Cheshire West and Chester
Chester,North West,7,Sikh,True,area_to_city,251,1,Cheshire West and Chester
Chester,North West,8,Other religion,True,area_to_city,1238,1,Cheshire West and Chester
Chester,North West,9,Not answered,True,area_to_city,19512,1,Cheshire West and Chester
Chichester,South East,-8,Does not apply,False,direct_or_alias,0,1,Chichester
Chichester,South East,1,No religion,False,direct_or_alias,47977,1,Chichester
Chichester,South East,2,Christian,False,direct_or_alias,65910,1,Chichester
Chichester,South East,3,Buddhist,False,direct_or_alias,611,1,Chichester
Chichester,South East,4,Hindu,False,direct_or_alias,312,1,Chichester
Chichester,South East,5,Jewish,False,direct_or_alias,226,1,Chichester
Chichester,South East,6,Muslim,False,direct_or_alias,685,1,Chichester
Chichester,South East,7,Sikh,False,direct_or_alias,43,1,Chichester
Chichester,South East,8,Other religion,False,direct_or_alias,664,1,Chichester
Chichester,South East,9,Not answered,False,direct_or_alias,7640,1,Chichester
Colchester,East,-8,Does not apply,False,direct_or_alias,0,1,Colchester
Colchester,East,1,No religion,False,direct_or_alias,85484,1,Colchester
Colchester,East,2,Christian,False,direct_or_alias,85605,1,Colchester
Colchester,East,3,Buddhist,False,direct_or_alias,1321,1,Colchester
Colchester,East,4,Hindu,False,direct_or_alias,2546,1,Colchester
Colchester,East,5,Jewish,False,direct_or_alias,325,1,Colchester
Colchester,East,6,Muslim,False,direct_or_alias,4021,1,Colchester
Colchester,East,7,Sikh,False,direct_or_alias,233,1,Colchester
Colchester,East,8,Other religion,False,direct_or_alias,1144,1,Colchester
Colchester,East,9,Not answered,False,direct_or_alias,12037,1,Colchester
Coventry,West Midlands,-8,Does not apply,False,direct_or_alias,0,1,Coventry
Coventry,West Midlands,1,No religion,False,direct_or_alias,102338,1,Coventry
Coventry,West Midlands,2,Christian,False,direct_or_alias,151577,1,Coventry
Coventry,West Midlands,3,Buddhist,False,direct_or_alias,1257,1,Coventry
Coventry,West Midlands,4,Hindu,False,direct_or_alias,13724,1,Coventry
Coventry,West Midlands,5,Jewish,False,direct_or_alias,259,1,Coventry
Coventry,West Midlands,6,Muslim,False,direct_or_alias,35800,1,Coventry
Coventry,West Midlands,7,Sikh,False,direct_or_alias,17297,1,Coventry
Coventry,West Midlands,8,Other religion,False,direct_or_alias,1908,1,Coventry
Coventry,West Midlands,9,Not answered,False,direct_or_alias,21166,1,Coventry
Derby,East Midlands,-8,Does not apply,False,direct_or_alias,0,1,Derby
Derby,East Midlands,1,No religion,False,direct_or_alias,95639,1,Derby
Derby,East Midlands,2,Christian,False,direct_or_alias,104969,1,Derby
Derby,East Midlands,3,Buddhist,False,direct_or_alias,828,1,Derby
Derby,East Midlands,4,Hindu,False,direct_or_alias,3065,1,Derby
Derby,East Midlands,5,Jewish,False,direct_or_alias,150,1,Derby
Derby,East Midlands,6,Muslim,False,direct_or_alias,29137,1,Derby
Derby,East Midlands,7,Sikh,False,direct_or_alias,9762,1,Derby
Derby,East Midlands,8,Other religion,False,direct_or_alias,1297,1,Derby
Derby,East Midlands,9,Not answered,False,direct_or_alias,16517,1,Derby
Doncaster,Yorkshire and The Humber,-8,Does not apply,False,direct_or_alias,0,1,Doncaster
Doncaster,Yorkshire and The Humber,1,No religion,False,direct_or_alias,122645,1,Doncaster
Doncaster,Yorkshire and The Humber,2,Christian,False,direct_or_alias,156747,1,Doncaster
Doncaster,Yorkshire and The Humber,3,Buddhist,False,direct_or_alias,821,1,Doncaster
Doncaster,Yorkshire and The Humber,4,Hindu,False,direct_or_alias,1294,1,Doncaster
Doncaster,Yorkshire and The Humber,5,Jewish,False,direct_or_alias,116,1,Doncaster
Doncaster,Yorkshire and The Humber,6,Muslim,False,direct_or_alias,6898,1,Doncaster
Doncaster,Yorkshire and The Humber,7,Sikh,False,direct_or_alias,1391,1,Doncaster
Doncaster,Yorkshire and The Humber,8,Other religion,False,direct_or_alias,1724,1,Doncaster
Doncaster,Yorkshire and The Humber,9,Not answered,False,direct_or_alias,16470,1,Doncaster
Durham,North East,-8,Does not apply,True,area_to_city,0,1,County Durham
Durham,North East,1,No religion,True,area_to_city,201688,1,County Durham
Durham,North East,2,Christian,True,area_to_city,285167,1,County Durham
Durham,North East,3,Buddhist,True,area_to_city,1290,1,County Durham
Durham,North East,4,Hindu,True,area_to_city,990,1,County Durham
Durham,North East,5,Jewish,True,area_to_city,286,1,County Durham
Durham,North East,6,Muslim,True,area_to_city,2922,1,County Durham
Durham,North East,7,Sikh,True,area_to_city,839,1,County Durham
Durham,North East,8,Other religion,True,area_to_city,2198,1,County Durham
Durham,North East,9,Not answered,True,area_to_city,26687,1,County Durham
Ely,East,-8,Does not apply,True,area_to_city,0,1,East Cambridgeshire
Ely,East,1,No religion,True,area_to_city,37682,1,East Cambridgeshire
Ely,East,2,Christian,True,area_to_city,42573,1,East Cambridgeshire
Ely,East,3,Buddhist,True,area_to_city,325,1,East Cambridgeshire
Ely,East,4,Hindu,True,area_to_city,326,1,East Cambridgeshire
Ely,East,5,Jewish,True,area_to_city,123,1,East Cambridgeshire
Ely,East,6,Muslim,True,area_to_city,552,1,East Cambridgeshire
Ely,East,7,Sikh,True,area_to_city,125,1,East Cambridgeshire
Ely,East,8,Other religion,True,area_to_city,497,1,East Cambridgeshire
Ely,East,9,Not answered,True,area_to_city,5560,1,East Cambridgeshire
Exeter,South West,-8,Does not apply,False,direct_or_alias,0,1,Exeter
Exeter,South West,1,No religion,False,direct_or_alias,63385,1,Exeter
Exeter,South West,2,Christian,False,direct_or_alias,52221,1,Exeter
Exeter,South West,3,Buddhist,False,direct_or_alias,715,1,Exeter
Exeter,South West,4,Hindu,False,direct_or_alias,698,1,Exeter
Exeter,South West,5,Jewish,False,direct_or_alias,201,1,Exeter
Exeter,South West,6,Muslim,False,direct_or_alias,2815,1,Exeter
Exeter,South West,7,Sikh,False,direct_or_alias,179,1,Exeter
Exeter,South West,8,Other religion,False,direct_or_alias,868,1,Exeter
Exeter,South West,9,Not answered,False,direct_or_alias,9627,1,Exeter
Gloucester,South West,-8,Does not apply,False,direct_or_alias,0,1,Gloucester
Gloucester,South West,1,No religion,False,direct_or_alias,52507,1,Gloucester
Gloucester,South West,2,Christian,False,direct_or_alias,63145,1,Gloucester
Gloucester,South West,3,Buddhist,False,direct_or_alias,401,1,Gloucester
Gloucester,South West,4,Hindu,False,direct_or_alias,1283,1,Gloucester
Gloucester,South West,5,Jewish,False,direct_or_alias,64,1,Gloucester
Gloucester,South West,6,Muslim,False,direct_or_alias,6200,1,Gloucester
Gloucester,South West,7,Sikh,False,direct_or_alias,255,1,Gloucester
Gloucester,South West,8,Other religion,False,direct_or_alias,652,1,Gloucester
Gloucester,South West,9,Not answered,False,direct_or_alias,7908,1,Gloucester
Hereford,West Midlands,-8,Does not apply,True,area_to_city,0,1,Herefordshire
Hereford,West Midlands,1,No religion,True,area_to_city,68475,1,Herefordshire
Hereford,West Midlands,2,Christian,True,area_to_city,102614,1,Herefordshire
Hereford,West Midlands,3,Buddhist,True,area_to_city,646,1,Herefordshire
Hereford,West Midlands,4,Hindu,True,area_to_city,384,1,Herefordshire
Hereford,West Midlands,5,Jewish,True,area_to_city,142,1,Herefordshire
Hereford,West Midlands,6,Muslim,True,area_to_city,790,1,Herefordshire
Hereford,West Midlands,7,Sikh,True,area_to_city,117,1,Herefordshire
Hereford,West Midlands,8,Other religion,True,area_to_city,904,1,Herefordshire
Hereford,West Midlands,9,Not answered,True,area_to_city,12962,1,Herefordshire
Kingston upon Hull,Yorkshire and The Humber,-8,Does not apply,False,direct_or_alias,0,1,Kingston upon Hull
Kingston upon Hull,Yorkshire and The Humber,1,No religion,False,direct_or_alias,131424,1,Kingston upon Hull
Kingston upon Hull,Yorkshire and The Humber,2,Christian,False,direct_or_alias,106411,1,Kingston upon Hull
Kingston upon Hull,Yorkshire and The Humber,3,Buddhist,False,direct_or_alias,746,1,Kingston upon Hull
Kingston upon Hull,Yorkshire and The Humber,4,Hindu,False,direct_or_alias,646,1,Kingston upon Hull
Kingston upon Hull,Yorkshire and The Humber,5,Jewish,False,direct_or_alias,146,1,Kingston upon Hull
Kingston upon Hull,Yorkshire and The Humber,6,Muslim,False,direct_or_alias,9285,1,Kingston upon Hull
Kingston upon Hull,Yorkshire and The Humber,7,Sikh,False,direct_or_alias,277,1,Kingston upon Hull
Kingston upon Hull,Yorkshire and The Humber,8,Other religion,False,direct_or_alias,1124,1,Kingston upon Hull
Kingston upon Hull,Yorkshire and The Humber,9,Not answered,False,direct_or_alias,16957,1,Kingston upon Hull
Lancaster,North West,-8,Does not apply,False,direct_or_alias,0,1,Lancaster
Lancaster,North West,1,No religion,False,direct_or_alias,54433,1,Lancaster
Lancaster,North West,2,Christian,False,direct_or_alias,74108,1,Lancaster
Lancaster,North West,3,Buddhist,False,direct_or_alias,604,1,Lancaster
Lancaster,North West,4,Hindu,False,direct_or_alias,604,1,Lancaster
Lancaster,North West,5,Jewish,False,direct_or_alias,144,1,Lancaster
Lancaster,North West,6,Muslim,False,direct_or_alias,2663,1,Lancaster
Lancaster,North West,7,Sikh,False,direct_or_alias,147,1,Lancaster
Lancaster,North West,8,Other religion,False,direct_or_alias,809,1,Lancaster
Lancaster,North West,9,Not answered,False,direct_or_alias,9422,1,Lancaster
Leeds,Yorkshire and The Humber,-8,Does not apply,False,direct_or_alias,0,1,Leeds
Leeds,Yorkshire and The Humber,1,No religion,False,direct_or_alias,326231,1,Leeds
Leeds,Yorkshire and The Humber,2,Christian,False,direct_or_alias,343311,1,Leeds
Leeds,Yorkshire and The Humber,3,Buddhist,False,direct_or_alias,2874,1,Leeds
Leeds,Yorkshire and The Humber,4,Hindu,False,direct_or_alias,9217,1,Leeds
Leeds,Yorkshire and The Humber,5,Jewish,False,direct_or_alias,6267,1,Leeds
Leeds,Yorkshire and The Humber,6,Muslim,False,direct_or_alias,63054,1,Leeds
Leeds,Yorkshire and The Humber,7,Sikh,False,direct_or_alias,10047,1,Leeds
Leeds,Yorkshire and The Humber,8,Other religion,False,direct_or_alias,3637,1,Leeds
Leeds,Yorkshire and The Humber,9,Not answered,False,direct_or_alias,47315,1,Leeds
Leicester,East Midlands,-8,Does not apply,False,direct_or_alias,0,1,Leicester
Leicester,East Midlands,1,No religion,False,direct_or_alias,84607,1,Leicester
Leicester,East Midlands,2,Christian,False,direct_or_alias,91161,1,Leicester
Leicester,East Midlands,3,Buddhist,False,direct_or_alias,1181,1,Leicester
Leicester,East Midlands,4,Hindu,False,direct_or_alias,65821,1,Leicester
Leicester,East Midlands,5,Jewish,False,direct_or_alias,326,1,Leicester
Leicester,East Midlands,6,Muslim,False,direct_or_alias,86443,1,Leicester
Leicester,East Midlands,7,Sikh,False,direct_or_alias,16451,1,Leicester
Leicester,East Midlands,8,Other religion,False,direct_or_alias,2075,1,Leicester
Leicester,East Midlands,9,Not answered,False,direct_or_alias,20509,1,Leicester
Lichfield,West Midlands,-8,Does not apply,False,direct_or_alias,0,1,Lichfield
Lichfield,West Midlands,1,No religion,False,direct_or_alias,40563,1,Lichfield
Lichfield,West Midlands,2,Christian,False,direct_or_alias,57683,1,Lichfield
Lichfield,West Midlands,3,Buddhist,False,direct_or_alias,245,1,Lichfield
Lichfield,West Midlands,4,Hindu,False,direct_or_alias,460,1,Lichfield
Lichfield,West Midlands,5,Jewish,False,direct_or_alias,61,1,Lichfield
Lichfield,West Midlands,6,Muslim,False,direct_or_alias,722,1,Lichfield
Lichfield,West Midlands,7,Sikh,False,direct_or_alias,923,1,Lichfield
Lichfield,West Midlands,8,Other religion,False,direct_or_alias,443,1,Lichfield
Lichfield,West Midlands,9,Not answered,False,direct_or_alias,5336,1,Lichfield
Lincoln,East Midlands,-8,Does not apply,False,direct_or_alias,0,1,Lincoln
Lincoln,East Midlands,1,No religion,False,direct_or_alias,48940,1,Lincoln
Lincoln,East Midlands,2,Christian,False,direct_or_alias,43898,1,Lincoln
Lincoln,East Midlands,3,Buddhist,False,direct_or_alias,355,1,Lincoln
Lincoln,East Midlands,4,Hindu,False,direct_or_alias,456,1,Lincoln
Lincoln,East Midlands,5,Jewish,False,direct_or_alias,70,1,Lincoln
Lincoln,East Midlands,6,Muslim,False,direct_or_alias,1896,1,Lincoln
Lincoln,East Midlands,7,Sikh,False,direct_or_alias,103,1,Lincoln
Lincoln,East Midlands,8,Other religion,False,direct_or_alias,793,1,Lincoln
Lincoln,East Midlands,9,Not answered,False,direct_or_alias,7302,1,Lincoln
Liverpool,North West,-8,Does not apply,False,direct_or_alias,0,1,Liverpool
Liverpool,North West,1,No religion,False,direct_or_alias,142994,1,Liverpool
Liverpool,North West,2,Christian,False,direct_or_alias,278330,1,Liverpool
Liverpool,North West,3,Buddhist,False,direct_or_alias,2128,1,Liverpool
Liverpool,North West,4,Hindu,False,direct_or_alias,3802,1,Liverpool
Liverpool,North West,5,Jewish,False,direct_or_alias,1807,1,Liverpool
Liverpool,North West,6,Muslim,False,direct_or_alias,25756,1,Liverpool
Liverpool,North West,7,Sikh,False,direct_or_alias,641,1,Liverpool
Liverpool,North West,8,Other religion,False,direct_or_alias,1991,1,Liverpool
Liverpool,North West,9,Not answered,False,direct_or_alias,28639,1,Liverpool
London,London,-8,Does not apply,False,direct_or_alias,0,1,City of London
London,London,1,No religion,False,direct_or_alias,3763,1,City of London
London,London,2,Christian,False,direct_or_alias,2976,1,City of London
London,London,3,Buddhist,False,direct_or_alias,95,1,City of London
London,London,4,Hindu,False,direct_or_alias,203,1,City of London
London,London,5,Jewish,False,direct_or_alias,177,1,City of London
London,London,6,Muslim,False,direct_or_alias,540,1,City of London
London,London,7,Sikh,False,direct_or_alias,6,1,City of London
London,London,8,Other religion,False,direct_or_alias,55,1,City of London
London,London,9,Not answered,False,direct_or_alias,767,1,City of London
Manchester,North West,-8,Does not apply,False,direct_or_alias,0,1,Manchester
Manchester,North West,1,No religion,False,direct_or_alias,179037,1,Manchester
Manchester,North West,2,Christian,False,direct_or_alias,199873,1,Manchester
Manchester,North West,3,Buddhist,False,direct_or_alias,3219,1,Manchester
Manchester,North West,4,Hindu,False,direct_or_alias,6048,1,Manchester
Manchester,North West,5,Jewish,False,direct_or_alias,2632,1,Manchester
Manchester,North West,6,Muslim,False,direct_or_alias,122962,1,Manchester
Manchester,North West,7,Sikh,False,direct_or_alias,2718,1,Manchester
Manchester,North West,8,Other religion,False,direct_or_alias,2736,1,Manchester
Manchester,North West,9,Not answered,False,direct_or_alias,32713,1,Manchester
Milton Keynes,South East,-8,Does not apply,False,direct_or_alias,0,1,Milton Keynes
Milton Keynes,South East,1,No religion,False,direct_or_alias,108953,1,Milton Keynes
Milton Keynes,South East,2,Christian,False,direct_or_alias,122935,1,Milton Keynes
Milton Keynes,South East,3,Buddhist,False,direct_or_alias,1404,1,Milton Keynes
Milton Keynes,South East,4,Hindu,False,direct_or_alias,12911,1,Milton Keynes
Milton Keynes,South East,5,Jewish,False,direct_or_alias,383,1,Milton Keynes
Milton Keynes,South East,6,Muslim,False,direct_or_alias,20484,1,Milton Keynes
Milton Keynes,South East,7,Sikh,False,direct_or_alias,1959,1,Milton Keynes
Milton Keynes,South East,8,Other religion,False,direct_or_alias,1558,1,Milton Keynes
Milton Keynes,South East,9,Not answered,False,direct_or_alias,16473,1,Milton Keynes
Newcastle upon Tyne,North East,-8,Does not apply,False,direct_or_alias,0,1,Newcastle upon Tyne
Newcastle upon Tyne,North East,1,No religion,False,direct_or_alias,122485,1,Newcastle upon Tyne
Newcastle upon Tyne,North East,2,Christian,False,direct_or_alias,124009,1,Newcastle upon Tyne
Newcastle upon Tyne,North East,3,Buddhist,False,direct_or_alias,1352,1,Newcastle upon Tyne
Newcastle upon Tyne,North East,4,Hindu,False,direct_or_alias,4212,1,Newcastle upon Tyne
Newcastle upon Tyne,North East,5,Jewish,False,direct_or_alias,573,1,Newcastle upon Tyne
Newcastle upon Tyne,North East,6,Muslim,False,direct_or_alias,26896,1,Newcastle upon Tyne
Newcastle upon Tyne,North East,7,Sikh,False,direct_or_alias,1449,1,Newcastle upon Tyne
Newcastle upon Tyne,North East,8,Other religion,False,direct_or_alias,1281,1,Newcastle upon Tyne
Newcastle upon Tyne,North East,9,Not answered,False,direct_or_alias,17869,1,Newcastle upon Tyne
Newport,Wales,-8,Does not apply,False,direct_or_alias,0,1,Newport
Newport,Wales,1,No religion,False,direct_or_alias,68564,1,Newport
Newport,Wales,2,Christian,False,direct_or_alias,68287,1,Newport
Newport,Wales,3,Buddhist,False,direct_or_alias,479,1,Newport
Newport,Wales,4,Hindu,False,direct_or_alias,761,1,Newport
Newport,Wales,5,Jewish,False,direct_or_alias,90,1,Newport
Newport,Wales,6,Muslim,False,direct_or_alias,11280,1,Newport
Newport,Wales,7,Sikh,False,direct_or_alias,415,1,Newport
Newport,Wales,8,Other religion,False,direct_or_alias,739,1,Newport
Newport,Wales,9,Not answered,False,direct_or_alias,8977,1,Newport
Norwich,East,-8,Does not apply,False,direct_or_alias,0,1,Norwich
Norwich,East,1,No religion,False,direct_or_alias,76973,1,Norwich
Norwich,East,2,Christian,False,direct_or_alias,48399,1,Norwich
Norwich,East,3,Buddhist,False,direct_or_alias,983,1,Norwich
Norwich,East,4,Hindu,False,direct_or_alias,1719,1,Norwich
Norwich,East,5,Jewish,False,direct_or_alias,331,1,Norwich
Norwich,East,6,Muslim,False,direct_or_alias,4289,1,Norwich
Norwich,East,7,Sikh,False,direct_or_alias,185,1,Norwich
Norwich,East,8,Other religion,False,direct_or_alias,1283,1,Norwich
Norwich,East,9,Not answered,False,direct_or_alias,9760,1,Norwich
Nottingham,East Midlands,-8,Does not apply,False,direct_or_alias,0,1,Nottingham
Nottingham,East Midlands,1,No religion,False,direct_or_alias,133403,1,Nottingham
Nottingham,East Midlands,2,Christian,False,direct_or_alias,112200,1,Nottingham
Nottingham,East Midlands,3,Buddhist,False,direct_or_alias,1671,1,Nottingham
Nottingham,East Midlands,4,Hindu,False,direct_or_alias,5403,1,Nottingham
Nottingham,East Midlands,5,Jewish,False,direct_or_alias,941,1,Nottingham
Nottingham,East Midlands,6,Muslim,False,direct_or_alias,39540,1,Nottingham
Nottingham,East Midlands,7,Sikh,False,direct_or_alias,4110,1,Nottingham
Nottingham,East Midlands,8,Other religion,False,direct_or_alias,2263,1,Nottingham
Nottingham,East Midlands,9,Not answered,False,direct_or_alias,24099,1,Nottingham
Oxford,South East,-8,Does not apply,False,direct_or_alias,0,1,Oxford
Oxford,South East,1,No religion,False,direct_or_alias,63201,1,Oxford
Oxford,South East,2,Christian,False,direct_or_alias,61750,1,Oxford
Oxford,South East,3,Buddhist,False,direct_or_alias,1195,1,Oxford
Oxford,South East,4,Hindu,False,direct_or_alias,2523,1,Oxford
Oxford,South East,5,Jewish,False,direct_or_alias,1120,1,Oxford
Oxford,South East,6,Muslim,False,direct_or_alias,14093,1,Oxford
Oxford,South East,7,Sikh,False,direct_or_alias,599,1,Oxford
Oxford,South East,8,Other religion,False,direct_or_alias,1447,1,Oxford
Oxford,South East,9,Not answered,False,direct_or_alias,16110,1,Oxford
Peterborough,East,-8,Does not apply,False,direct_or_alias,0,1,Peterborough
Peterborough,East,1,No religion,False,direct_or_alias,70066,1,Peterborough
Peterborough,East,2,Christian,False,direct_or_alias,99802,1,Peterborough
Peterborough,East,3,Buddhist,False,direct_or_alias,617,1,Peterborough
Peterborough,East,4,Hindu,False,direct_or_alias,3813,1,Peterborough
Peterborough,East,5,Jewish,False,direct_or_alias,185,1,Peterborough
Peterborough,East,6,Muslim,False,direct_or_alias,26239,1,Peterborough
Peterborough,East,7,Sikh,False,direct_or_alias,1348,1,Peterborough
Peterborough,East,8,Other religion,False,direct_or_alias,999,1,Peterborough
Peterborough,East,9,Not answered,False,direct_or_alias,12604,1,Peterborough
Plymouth,South West,-8,Does not apply,False,direct_or_alias,0,1,Plymouth
Plymouth,South West,1,No religion,False,direct_or_alias,129338,1,Plymouth
Plymouth,South West,2,Christian,False,direct_or_alias,112526,1,Plymouth
Plymouth,South West,3,Buddhist,False,direct_or_alias,1018,1,Plymouth
Plymouth,South West,4,Hindu,False,direct_or_alias,814,1,Plymouth
Plymouth,South West,5,Jewish,False,direct_or_alias,207,1,Plymouth
Plymouth,South West,6,Muslim,False,direct_or_alias,3474,1,Plymouth
Plymouth,South West,7,Sikh,False,direct_or_alias,96,1,Plymouth
Plymouth,South West,8,Other religion,False,direct_or_alias,1527,1,Plymouth
Plymouth,South West,9,Not answered,False,direct_or_alias,15695,1,Plymouth
Portsmouth,South East,-8,Does not apply,False,direct_or_alias,0,1,Portsmouth
Portsmouth,South East,1,No religion,False,direct_or_alias,97887,1,Portsmouth
Portsmouth,South East,2,Christian,False,direct_or_alias,81939,1,Portsmouth
Portsmouth,South East,3,Buddhist,False,direct_or_alias,1077,1,Portsmouth
Portsmouth,South East,4,Hindu,False,direct_or_alias,1596,1,Portsmouth
Portsmouth,South East,5,Jewish,False,direct_or_alias,200,1,Portsmouth
Portsmouth,South East,6,Muslim,False,direct_or_alias,10174,1,Portsmouth
Portsmouth,South East,7,Sikh,False,direct_or_alias,459,1,Portsmouth
Portsmouth,South East,8,Other religion,False,direct_or_alias,1259,1,Portsmouth
Portsmouth,South East,9,Not answered,False,direct_or_alias,13413,1,Portsmouth
Preston,North West,-8,Does not apply,False,direct_or_alias,0,1,Preston
Preston,North West,1,No religion,False,direct_or_alias,38931,1,Preston
Preston,North West,2,Christian,False,direct_or_alias,70424,1,Preston
Preston,North West,3,Buddhist,False,direct_or_alias,435,1,Preston
Preston,North West,4,Hindu,False,direct_or_alias,4398,1,Preston
Preston,North West,5,Jewish,False,direct_or_alias,76,1,Preston
Preston,North West,6,Muslim,False,direct_or_alias,23825,1,Preston
Preston,North West,7,Sikh,False,direct_or_alias,1091,1,Preston
Preston,North West,8,Other religion,False,direct_or_alias,610,1,Preston
Preston,North West,9,Not answered,False,direct_or_alias,8045,1,Preston
Ripon,Yorkshire and The Humber,-8,Does not apply,True,area_to_city,0,1,Harrogate
Ripon,Yorkshire and The Humber,1,No religion,True,area_to_city,58941,1,Harrogate
Ripon,Yorkshire and The Humber,2,Christian,True,area_to_city,90356,1,Harrogate
Ripon,Yorkshire and The Humber,3,Buddhist,True,area_to_city,561,1,Harrogate
Ripon,Yorkshire and The Humber,4,Hindu,True,area_to_city,455,1,Harrogate
Ripon,Yorkshire and The Humber,5,Jewish,True,area_to_city,359,1,Harrogate
Ripon,Yorkshire and The Humber,6,Muslim,True,area_to_city,901,1,Harrogate
Ripon,Yorkshire and The Humber,7,Sikh,True,area_to_city,122,1,Harrogate
Ripon,Yorkshire and The Humber,8,Other religion,True,area_to_city,669,1,Harrogate
Ripon,Yorkshire and The Humber,9,Not answered,True,area_to_city,10301,1,Harrogate
Salford,North West,-8,Does not apply,False,direct_or_alias,0,1,Salford
Salford,North West,1,No religion,False,direct_or_alias,96140,1,Salford
Salford,North West,2,Christian,False,direct_or_alias,128785,1,Salford
Salford,North West,3,Buddhist,False,direct_or_alias,1022,1,Salford
Salford,North West,4,Hindu,False,direct_or_alias,2113,1,Salford
Salford,North West,5,Jewish,False,direct_or_alias,10373,1,Salford
Salford,North West,6,Muslim,False,direct_or_alias,13542,1,Salford
Salford,North West,7,Sikh,False,direct_or_alias,728,1,Salford
Salford,North West,8,Other religion,False,direct_or_alias,1068,1,Salford
Salford,North West,9,Not answered,False,direct_or_alias,16152,1,Salford
Salisbury,South West,-8,Does not apply,True,area_to_city,0,1,Wiltshire
Salisbury,South West,1,No religion,True,area_to_city,210601,1,Wiltshire
Salisbury,South West,2,Christian,True,area_to_city,256160,1,Wiltshire
Salisbury,South West,3,Buddhist,True,area_to_city,2521,1,Wiltshire
Salisbury,South West,4,Hindu,True,area_to_city,2670,1,Wiltshire
Salisbury,South West,5,Jewish,True,area_to_city,458,1,Wiltshire
Salisbury,South West,6,Muslim,True,area_to_city,3508,1,Wiltshire
Salisbury,South West,7,Sikh,True,area_to_city,483,1,Wiltshire
Salisbury,South West,8,Other religion,True,area_to_city,3224,1,Wiltshire
Salisbury,South West,9,Not answered,True,area_to_city,30709,1,Wiltshire
Sheffield,Yorkshire and The Humber,-8,Does not apply,False,direct_or_alias,0,1,Sheffield
Sheffield,Yorkshire and The Humber,1,No religion,False,direct_or_alias,241556,1,Sheffield
Sheffield,Yorkshire and The Humber,2,Christian,False,direct_or_alias,214136,1,Sheffield
Sheffield,Yorkshire and The Humber,3,Buddhist,False,direct_or_alias,2215,1,Sheffield
Sheffield,Yorkshire and The Humber,4,Hindu,False,direct_or_alias,3759,1,Sheffield
Sheffield,Yorkshire and The Humber,5,Jewish,False,direct_or_alias,649,1,Sheffield
Sheffield,Yorkshire and The Humber,6,Muslim,False,direct_or_alias,57044,1,Sheffield
Sheffield,Yorkshire and The Humber,7,Sikh,False,direct_or_alias,927,1,Sheffield
Sheffield,Yorkshire and The Humber,8,Other religion,False,direct_or_alias,2635,1,Sheffield
Sheffield,Yorkshire and The Humber,9,Not answered,False,direct_or_alias,33600,1,Sheffield
Southampton,South East,-8,Does not apply,False,direct_or_alias,0,1,Southampton
Southampton,South East,1,No religion,False,direct_or_alias,108000,1,Southampton
Southampton,South East,2,Christian,False,direct_or_alias,99910,1,Southampton
Southampton,South East,3,Buddhist,False,direct_or_alias,1333,1,Southampton
Southampton,South East,4,Hindu,False,direct_or_alias,3265,1,Southampton
Southampton,South East,5,Jewish,False,direct_or_alias,254,1,Southampton
Southampton,South East,6,Muslim,False,direct_or_alias,13893,1,Southampton
Southampton,South East,7,Sikh,False,direct_or_alias,4192,1,Southampton
Southampton,South East,8,Other religion,False,direct_or_alias,1663,1,Southampton
Southampton,South East,9,Not answered,False,direct_or_alias,16412,1,Southampton
Southend-on-Sea,East,-8,Does not apply,False,direct_or_alias,0,1,Southend-on-Sea
Southend-on-Sea,East,1,No religion,False,direct_or_alias,81187,1,Southend-on-Sea
Southend-on-Sea,East,2,Christian,False,direct_or_alias,76884,1,Southend-on-Sea
Southend-on-Sea,East,3,Buddhist,False,direct_or_alias,953,1,Southend-on-Sea
Southend-on-Sea,East,4,Hindu,False,direct_or_alias,2057,1,Southend-on-Sea
Southend-on-Sea,East,5,Jewish,False,direct_or_alias,2057,1,Southend-on-Sea
Southend-on-Sea,East,6,Muslim,False,direct_or_alias,5461,1,Southend-on-Sea
Southend-on-Sea,East,7,Sikh,False,direct_or_alias,203,1,Southend-on-Sea
Southend-on-Sea,East,8,Other religion,False,direct_or_alias,1128,1,Southend-on-Sea
Southend-on-Sea,East,9,Not answered,False,direct_or_alias,10756,1,Southend-on-Sea
St Albans,East,-8,Does not apply,False,direct_or_alias,0,1,St Albans
St Albans,East,1,No religion,False,direct_or_alias,55020,1,St Albans
St Albans,East,2,Christian,False,direct_or_alias,70246,1,St Albans
St Albans,East,3,Buddhist,False,direct_or_alias,735,1,St Albans
St Albans,East,4,Hindu,False,direct_or_alias,2740,1,St Albans
St Albans,East,5,Jewish,False,direct_or_alias,2237,1,St Albans
St Albans,East,6,Muslim,False,direct_or_alias,6915,1,St Albans
St Albans,East,7,Sikh,False,direct_or_alias,535,1,St Albans
St Albans,East,8,Other religion,False,direct_or_alias,709,1,St Albans
St Albans,East,9,Not answered,False,direct_or_alias,9029,1,St Albans
St Asaph,Wales,-8,Does not apply,True,area_to_city,0,1,Denbighshire
St Asaph,Wales,1,No religion,True,area_to_city,40297,1,Denbighshire
St Asaph,Wales,2,Christian,True,area_to_city,47226,1,Denbighshire
St Asaph,Wales,3,Buddhist,True,area_to_city,320,1,Denbighshire
St Asaph,Wales,4,Hindu,True,area_to_city,209,1,Denbighshire
St Asaph,Wales,5,Jewish,True,area_to_city,48,1,Denbighshire
St Asaph,Wales,6,Muslim,True,area_to_city,740,1,Denbighshire
St Asaph,Wales,7,Sikh,True,area_to_city,38,1,Denbighshire
St Asaph,Wales,8,Other religion,True,area_to_city,483,1,Denbighshire
St Asaph,Wales,9,Not answered,True,area_to_city,6456,1,Denbighshire
St Davids,Wales,-8,Does not apply,True,area_to_city,0,1,Pembrokeshire
St Davids,Wales,1,No religion,True,area_to_city,52998,1,Pembrokeshire
St Davids,Wales,2,Christian,True,area_to_city,60174,1,Pembrokeshire
St Davids,Wales,3,Buddhist,True,area_to_city,462,1,Pembrokeshire
St Davids,Wales,4,Hindu,True,area_to_city,161,1,Pembrokeshire
St Davids,Wales,5,Jewish,True,area_to_city,58,1,Pembrokeshire
St Davids,Wales,6,Muslim,True,area_to_city,587,1,Pembrokeshire
St Davids,Wales,7,Sikh,True,area_to_city,32,1,Pembrokeshire
St Davids,Wales,8,Other religion,True,area_to_city,746,1,Pembrokeshire
St Davids,Wales,9,Not answered,True,area_to_city,8145,1,Pembrokeshire
Stoke on Trent,West Midlands,-8,Does not apply,False,direct_or_alias,0,1,Stoke-on-Trent
Stoke on Trent,West Midlands,1,No religion,False,direct_or_alias,97433,1,Stoke-on-Trent
Stoke on Trent,West Midlands,2,Christian,False,direct_or_alias,118434,1,Stoke-on-Trent
Stoke on Trent,West Midlands,3,Buddhist,False,direct_or_alias,811,1,Stoke-on-Trent
Stoke on Trent,West Midlands,4,Hindu,False,direct_or_alias,1356,1,Stoke-on-Trent
Stoke on Trent,West Midlands,5,Jewish,False,direct_or_alias,83,1,Stoke-on-Trent
Stoke on Trent,West Midlands,6,Muslim,False,direct_or_alias,23790,1,Stoke-on-Trent
Stoke on Trent,West Midlands,7,Sikh,False,direct_or_alias,602,1,Stoke-on-Trent
Stoke on Trent,West Midlands,8,Other religion,False,direct_or_alias,1150,1,Stoke-on-Trent
Stoke on Trent,West Midlands,9,Not answered,False,direct_or_alias,14710,1,Stoke-on-Trent
Sunderland,North East,-8,Does not apply,False,direct_or_alias,0,1,Sunderland
Sunderland,North East,1,No religion,False,direct_or_alias,108261,1,Sunderland
Sunderland,North East,2,Christian,False,direct_or_alias,145806,1,Sunderland
Sunderland,North East,3,Buddhist,False,direct_or_alias,539,1,Sunderland
Sunderland,North East,4,Hindu,False,direct_or_alias,611,1,Sunderland
Sunderland,North East,5,Jewish,False,direct_or_alias,87,1,Sunderland
Sunderland,North East,6,Muslim,False,direct_or_alias,4846,1,Sunderland
Sunderland,North East,7,Sikh,False,direct_or_alias,915,1,Sunderland
Sunderland,North East,8,Other religion,False,direct_or_alias,835,1,Sunderland
Sunderland,North East,9,Not answered,False,direct_or_alias,12272,1,Sunderland
Swansea,Wales,-8,Does not apply,False,direct_or_alias,0,1,Swansea
Swansea,Wales,1,No religion,False,direct_or_alias,112687,1,Swansea
Swansea,Wales,2,Christian,False,direct_or_alias,98492,1,Swansea
Swansea,Wales,3,Buddhist,False,direct_or_alias,942,1,Swansea
Swansea,Wales,4,Hindu,False,direct_or_alias,1010,1,Swansea
Swansea,Wales,5,Jewish,False,direct_or_alias,159,1,Swansea
Swansea,Wales,6,Muslim,False,direct_or_alias,7694,1,Swansea
Swansea,Wales,7,Sikh,False,direct_or_alias,346,1,Swansea
Swansea,Wales,8,Other religion,False,direct_or_alias,1175,1,Swansea
Swansea,Wales,9,Not answered,False,direct_or_alias,15985,1,Swansea
Truro,South West,-8,Does not apply,True,area_to_city,0,1,Cornwall
Truro,South West,1,No religion,True,area_to_city,264037,1,Cornwall
Truro,South West,2,Christian,True,area_to_city,259145,1,Cornwall
Truro,South West,3,Buddhist,True,area_to_city,2079,1,Cornwall
Truro,South West,4,Hindu,True,area_to_city,547,1,Cornwall
Truro,South West,5,Jewish,True,area_to_city,507,1,Cornwall
Truro,South West,6,Muslim,True,area_to_city,1333,1,Cornwall
Truro,South West,7,Sikh,True,area_to_city,130,1,Cornwall
Truro,South West,8,Other religion,True,area_to_city,4393,1,Cornwall
Truro,South West,9,Not answered,True,area_to_city,38134,1,Cornwall
Wakefield,Yorkshire and The Humber,-8,Does not apply,False,direct_or_alias,0,1,Wakefield
Wakefield,Yorkshire and The Humber,1,No religion,False,direct_or_alias,145950,1,Wakefield
Wakefield,Yorkshire and The Humber,2,Christian,False,direct_or_alias,173070,1,Wakefield
Wakefield,Yorkshire and The Humber,3,Buddhist,False,direct_or_alias,797,1,Wakefield
Wakefield,Yorkshire and The Humber,4,Hindu,False,direct_or_alias,1270,1,Wakefield
Wakefield,Yorkshire and The Humber,5,Jewish,False,direct_or_alias,127,1,Wakefield
Wakefield,Yorkshire and The Humber,6,Muslim,False,direct_or_alias,11279,1,Wakefield
Wakefield,Yorkshire and The Humber,7,Sikh,False,direct_or_alias,501,1,Wakefield
Wakefield,Yorkshire and The Humber,8,Other religion,False,direct_or_alias,1405,1,Wakefield
Wakefield,Yorkshire and The Humber,9,Not answered,False,direct_or_alias,18972,1,Wakefield
Wells,South West,-8,Does not apply,True,area_to_city,0,3,Mendip|Sedgemoor|South Somerset
Wells,South West,1,No religion,True,area_to_city,171225,3,Mendip|Sedgemoor|South Somerset
Wells,South West,2,Christian,True,area_to_city,208550,3,Mendip|Sedgemoor|South Somerset
Wells,South West,3,Buddhist,True,area_to_city,1414,3,Mendip|Sedgemoor|South Somerset
Wells,South West,4,Hindu,True,area_to_city,672,3,Mendip|Sedgemoor|South Somerset
Wells,South West,5,Jewish,True,area_to_city,334,3,Mendip|Sedgemoor|South Somerset
Wells,South West,6,Muslim,True,area_to_city,1680,3,Mendip|Sedgemoor|South Somerset
Wells,South West,7,Sikh,True,area_to_city,123,3,Mendip|Sedgemoor|South Somerset
Wells,South West,8,Other religion,True,area_to_city,3071,3,Mendip|Sedgemoor|South Somerset
Wells,South West,9,Not answered,True,area_to_city,27034,3,Mendip|Sedgemoor|South Somerset
Westminster,London,-8,Does not apply,False,direct_or_alias,0,1,Westminster
Westminster,London,1,No religion,False,direct_or_alias,52936,1,Westminster
Westminster,London,2,Christian,False,direct_or_alias,76245,1,Westminster
Westminster,London,3,Buddhist,False,direct_or_alias,2603,1,Westminster
Westminster,London,4,Hindu,False,direct_or_alias,4457,1,Westminster
Westminster,London,5,Jewish,False,direct_or_alias,5628,1,Westminster
Westminster,London,6,Muslim,False,direct_or_alias,40873,1,Westminster
Westminster,London,7,Sikh,False,direct_or_alias,573,1,Westminster
Westminster,London,8,Other religion,False,direct_or_alias,1741,1,Westminster
Westminster,London,9,Not answered,False,direct_or_alias,19179,1,Westminster
Winchester,South East,-8,Does not apply,False,direct_or_alias,0,1,Winchester
Winchester,South East,1,No religion,False,direct_or_alias,53752,1,Winchester
Winchester,South East,2,Christian,False,direct_or_alias,61948,1,Winchester
Winchester,South East,3,Buddhist,False,direct_or_alias,789,1,Winchester
Winchester,South East,4,Hindu,False,direct_or_alias,948,1,Winchester
Winchester,South East,5,Jewish,False,direct_or_alias,219,1,Winchester
Winchester,South East,6,Muslim,False,direct_or_alias,904,1,Winchester
Winchester,South East,7,Sikh,False,direct_or_alias,188,1,Winchester
Winchester,South East,8,Other religion,False,direct_or_alias,673,1,Winchester
Winchester,South East,9,Not answered,False,direct_or_alias,8023,1,Winchester
Wolverhampton,West Midlands,-8,Does not apply,False,direct_or_alias,0,1,Wolverhampton
Wolverhampton,West Midlands,1,No religion,False,direct_or_alias,73317,1,Wolverhampton
Wolverhampton,West Midlands,2,Christian,False,direct_or_alias,115640,1,Wolverhampton
Wolverhampton,West Midlands,3,Buddhist,False,direct_or_alias,915,1,Wolverhampton
Wolverhampton,West Midlands,4,Hindu,False,direct_or_alias,9882,1,Wolverhampton
Wolverhampton,West Midlands,5,Jewish,False,direct_or_alias,94,1,Wolverhampton
Wolverhampton,West Midlands,6,Muslim,False,direct_or_alias,14489,1,Wolverhampton
Wolverhampton,West Midlands,7,Sikh,False,direct_or_alias,31769,1,Wolverhampton
Wolverhampton,West Midlands,8,Other religion,False,direct_or_alias,3158,1,Wolverhampton
Wolverhampton,West Midlands,9,Not answered,False,direct_or_alias,14465,1,Wolverhampton
Worcester,West Midlands,-8,Does not apply,False,direct_or_alias,0,1,Worcester
Worcester,West Midlands,1,No religion,False,direct_or_alias,41084,1,Worcester
Worcester,West Midlands,2,Christian,False,direct_or_alias,50755,1,Worcester
Worcester,West Midlands,3,Buddhist,False,direct_or_alias,367,1,Worcester
Worcester,West Midlands,4,Hindu,False,direct_or_alias,433,1,Worcester
Worcester,West Midlands,5,Jewish,False,direct_or_alias,51,1,Worcester
Worcester,West Midlands,6,Muslim,False,direct_or_alias,4227,1,Worcester
Worcester,West Midlands,7,Sikh,False,direct_or_alias,168,1,Worcester
Worcester,West Midlands,8,Other religion,False,direct_or_alias,451,1,Worcester
Worcester,West Midlands,9,Not answered,False,direct_or_alias,6335,1,Worcester
Wrexham,Wales,-8,Does not apply,False,direct_or_alias,0,1,Wrexham
Wrexham,Wales,1,No religion,False,direct_or_alias,56477,1,Wrexham
Wrexham,Wales,2,Christian,False,direct_or_alias,66880,1,Wrexham
Wrexham,Wales,3,Buddhist,False,direct_or_alias,404,1,Wrexham
Wrexham,Wales,4,Hindu,False,direct_or_alias,333,1,Wrexham
Wrexham,Wales,5,Jewish,False,direct_or_alias,51,1,Wrexham
Wrexham,Wales,6,Muslim,False,direct_or_alias,1540,1,Wrexham
Wrexham,Wales,7,Sikh,False,direct_or_alias,78,1,Wrexham
Wrexham,Wales,8,Other religion,False,direct_or_alias,513,1,Wrexham
Wrexham,Wales,9,Not answered,False,direct_or_alias,8841,1,Wrexham
York,Yorkshire and The Humber,-8,Does not apply,False,direct_or_alias,0,1,York
York,Yorkshire and The Humber,1,No religion,False,direct_or_alias,93577,1,York
York,Yorkshire and The Humber,2,Christian,False,direct_or_alias,89019,1,York
York,Yorkshire and The Humber,3,Buddhist,False,direct_or_alias,1045,1,York
York,Yorkshire and The Humber,4,Hindu,False,direct_or_alias,1043,1,York
York,Yorkshire and The Humber,5,Jewish,False,direct_or_alias,273,1,York
York,Yorkshire and The Humber,6,Muslim,False,direct_or_alias,2488,1,York
York,Yorkshire and The Humber,7,Sikh,False,direct_or_alias,179,1,York
York,Yorkshire and The Humber,8,Other religion,False,direct_or_alias,1266,1,York
York,Yorkshire and The Humber,9,Not answered,False,direct_or_alias,13930,1,York
