Region,Year,Forecast_Weekly_Pay,Forecast_CPI_Proxy,Forecast_Real_Wage_Index
East Midlands,2026,329.7869565217352,128.99837734567154,255.65201927929598
East Midlands,2027,335.9994130434752,130.55856101593463,257.3553280833622
East Midlands,2028,342.21186956521524,132.11874468619772,259.01840830990403
East Midlands,2029,348.42432608695344,133.6789283564608,260.64266849736
East Midlands,2030,354.63678260869347,135.23911202672434,262.22945218585465
East Midlands,2031,360.84923913043167,136.79929569698743,263.7800416236925
East Midlands,2032,367.0616956521717,138.35947936725051,265.2956612230898
East Midlands,2033,373.2741521739099,139.9196630375136,266.7774807846929
East Midlands,2034,379.4866086956499,141.4798467077767,268.22661850876233
East Midlands,2035,385.69906521738994,143.04003037804023,269.6441438092726
London,2026,414.43405797101695,124.29565462640494,333.4260229906509
London,2027,421.89944927536635,126.18191550132633,334.35809529372034
London,2028,429.3648405797139,128.06817637624818,335.26271141574944
London,2029,436.8302318840615,129.95443725116957,336.1410669185366
London,2030,444.2956231884091,131.8406981260914,336.9942889436828
London,2031,451.76101449275666,133.7269590010128,337.8234410380447
London,2032,459.22640579710605,135.6132198759342,338.6295275764631
London,2033,466.69179710145363,137.49948075085604,339.4134978204622
London,2034,474.1571884058012,139.38574162577743,340.1762496474119
London,2035,481.6225797101488,141.27200250069927,340.91863298091556
North East,2026,320.4152173913044,114.726057220445,279.28722136387
North East,2027,326.75693478260837,115.53123858996469,282.82994172884355
North East,2028,333.09865217391416,116.33641995948415,286.3236227227214
North East,2029,339.44036956521813,117.14160132900383,289.7692755726176
North East,2030,345.7820869565221,117.94678269852352,293.1678838924791
North East,2031,352.1238043478261,118.75196406804321,296.5204046192146
North East,2032,358.4655217391319,119.5571454375629,299.82776891100633
North East,2033,364.80723913043585,120.36232680708258,303.09088300955744
North East,2034,371.1489565217398,121.16750817660227,306.31062906797445
North East,2035,377.4906739130456,121.97268954612196,309.48786594584664
North West,2026,332.8329710144935,119.55778285788278,278.3867039506152
North West,2027,339.24377536231987,120.59376568505036,281.3112049658591
North West,2028,345.6545797101444,121.62974851221793,284.18588703685657
North West,2029,352.06538405797073,122.6657313393855,287.01201241273617
North West,2030,358.4761884057971,123.70171416655307,289.7908010580529
North West,2031,364.8869927536234,124.73769699372065,292.52343240872244
North West,2032,371.29779710144976,125.77367982088822,295.2110470411675
North West,2033,377.7086014492761,126.80966264805579,297.85474825964855
North West,2034,384.11940579710244,127.84564547522336,300.4556036064171
North West,2035,390.5302101449288,128.88162830239094,303.0146462990365
Northern Ireland,2026,326.5086956521736,127.04361547731855,257.00519811675713
Northern Ireland,2027,333.19289130434845,128.10543261780845,260.09270996211444
Northern Ireland,2028,339.87708695652327,129.16724975829834,263.1294601321245
Northern Ireland,2029,346.5612826086963,130.2290668987887,266.1166902762472
Northern Ireland,2030,353.2454782608711,131.29088403927858,269.05560187650946
Northern Ireland,2031,359.9296739130441,132.35270117976893,271.9473578587317
Northern Ireland,2032,366.6138695652189,133.41451832025882,274.7930841268488
Northern Ireland,2033,373.2980652173919,134.47633546074871,277.59387102450535
Northern Ireland,2034,379.98226086956674,135.53815260123906,280.35077472798093
Northern Ireland,2035,386.66645652174157,136.59996974172896,283.06481857413
Scotland,2026,358.68713768115776,112.77036338451012,318.0686191975384
Scotland,2027,366.2034420289838,113.3319942793728,323.12450191802134
Scotland,2028,373.7197463768116,113.89362517423547,328.130521620584
Scotland,2029,381.2360507246376,114.45525606909814,333.087412337342
Scotland,2030,388.7523550724636,115.01688696396081,337.99589376321285
Scotland,2031,396.2686594202896,115.57851785882349,342.8566716042532
Scotland,2032,403.78496376811563,116.14014875368616,347.67043791589765
Scotland,2033,411.30126811594164,116.70177964854884,352.4378714314286
Scotland,2034,418.81757246376765,117.26341054341151,357.1596378810074
Scotland,2035,426.33387681159365,117.82504143827418,361.8363903015813
South East,2026,375.8186594202889,126.96642094291201,295.99846686177636
South East,2027,382.59648550724523,128.6549497365645,297.38186233071843
South East,2028,389.3743115942034,130.343478530217,298.72941552955126
South East,2029,396.15213768115973,132.0320073238695,300.0425015954
South East,2030,402.92996376811607,133.720536117522,301.32242620833944
South East,2031,409.7077898550724,135.40906491117403,302.5704299219802
South East,2032,416.48561594202874,137.09759370482652,303.78769217403584
South East,2033,423.2634420289851,138.78612249847902,304.97533500413465
South East,2034,430.04126811594324,140.4746512921315,306.1344265034893
South East,2035,436.8190942028996,142.163180085784,307.2659840187273
South West,2026,337.7119565217399,127.63054582390168,264.6012005524901
South West,2027,344.334413043478,129.30344389148604,266.29949108892265
South West,2028,350.95686956521786,130.9763419590704,267.95439872254985
South West,2029,357.57932608695774,132.64924002665475,269.567564816131
South West,2030,364.2017826086958,134.3221380942391,271.1405489638464
South West,2031,370.82423913043567,135.99503616182346,272.6748340205475
South West,2032,377.44669565217555,137.66793422940782,274.17183076431144
South West,2033,384.0691521739136,139.34083229699218,275.6328822231415
South West,2034,390.6916086956535,141.01373036457653,277.0592676936923
South West,2035,397.31406521739154,142.6866284321609,278.4522064772811
Wales,2026,329.7360507246358,113.5328883314794,290.43218715788583
Wales,2027,336.3442681159395,114.00748083941482,295.01947209034205
Wales,2028,342.9524855072432,114.48207334735014,299.5687232766049
Wales,2029,349.5607028985487,114.95666585528545,304.0804117775974
Wales,2030,356.1689202898524,115.43125836322076,308.555000907221
Wales,2031,362.7771376811579,115.90585087115608,312.99294639097235
Wales,2032,369.3853550724616,116.38044337909139,317.3946965206565
Wales,2033,375.9935724637671,116.85503588702682,321.7606923053538
Wales,2034,382.6017898550708,117.32962839496213,326.0913676187002
Wales,2035,389.2100072463745,117.80422090289744,330.3871493426274
West Midlands,2026,333.8018115942032,123.84430148098909,269.5334444963896
West Midlands,2027,340.3162898550727,125.14530342573289,271.9369249498303
West Midlands,2028,346.8307681159422,126.44630537047715,274.29094673802996
West Midlands,2029,353.3452463768117,127.74730731522095,276.5970209492713
West Midlands,2030,359.8597246376812,129.0483092599652,278.8565977356209
West Midlands,2031,366.3742028985507,130.34931120470947,281.07106935392363
West Midlands,2032,372.88868115942023,131.65031314945327,283.24177302647666
West Midlands,2033,379.40315942029156,132.95131509419753,285.36999363374485
West Midlands,2034,385.91763768116107,134.25231703894133,287.45696625051283
West Midlands,2035,392.4321159420306,135.55331898368559,289.5038785359888
Yorkshire and The Humber,2026,324.8190217391293,122.65049737367053,264.8330244838114
Yorkshire and The Humber,2027,330.97354347825967,123.94439668563246,267.03388965434846
Yorkshire and The Humber,2028,337.12806521739003,125.23829599759392,269.1892783528985
Yorkshire and The Humber,2029,343.2825869565204,126.53219530955585,271.30058568627027
Yorkshire and The Humber,2030,349.43710869565075,127.82609462151777,273.36915027428824
Yorkshire and The Humber,2031,355.5916304347811,129.1199939334797,275.3962570800426
Yorkshire and The Humber,2032,361.74615217391147,130.41389324544116,277.38314007166326
Yorkshire and The Humber,2033,367.9006739130418,131.70779255740308,279.3309847271924
Yorkshire and The Humber,2034,374.055195652174,133.001691869365,281.2409303932563
Yorkshire and The Humber,2035,380.20971739130437,134.29559118132693,283.11407250737096
