GEOGRAPHY_CODE,City,Pay_Base_Year,Pay_Base,CPI_Base_Year,CPI_Base,Real_Wage_Base,Avg_Pay_2026_2035,Avg_CPI_2026_2035,Avg_Real_Wage_2026_2035,Pay_2035,CPI_2035,Real_Wage_2035,Pay_Growth_Base_2035_%,CPI_Growth_Base_2035_%,Real_Wage_Change_%
W06000001,Isle of Anglesey,2003,369.7,2022,144.75309966900932,255.40040306242253,1862.9499999997613,190.86411193457388,976.8053496343931,2107.2999999997264,218.34291748665783,965.1332061771576,470.0,31.9,277.9
W06000009,Pembrokeshire,2003,324.9,2022,131.05299003065284,247.91498456006767,1334.149999999859,165.2388701940099,807.3640843602467,1499.2999999998283,185.52001968991135,808.1607594187641,361.5,26.1,226.0
E06000040,Windsor and Maidenhead,2003,585.0,2022,128.33906376543922,455.82380207259723,2251.49999999976,157.51397283350087,1428.1001024989644,2524.1999999997206,173.06366765891016,1458.5383715400314,331.5,22.7,220.0
E09000015,Harrow,2003,492.4,2022,131.5589756273284,374.2808102997383,1738.149999999808,159.50732298802723,1089.0592159200044,1941.9999999997817,176.0089702616724,1103.3528558871812,294.4,21.2,194.8
W06000023,Powys,2003,377.0,2022,132.94382538150222,283.57842037277175,1325.7499999998574,170.23010824241175,779.1303106537996,1480.99999999984,191.56756396999117,773.0953869788922,292.8,28.0,172.6
W06000012,Neath Port Talbot,2003,387.9,2022,129.22692193491176,300.1696505588635,1322.8999999998662,166.40722416100743,795.2885614529835,1475.8999999998487,186.93436007483433,789.5284737428744,280.5,28.8,163.0
E06000002,Middlesbrough,2004,356.0,2022,103.97918380605124,342.37622086362444,920.7499999996289,114.35415190733227,804.3943202856552,1016.599999999562,118.21618142555599,859.949955869403,185.6,10.0,151.2
E09000014,Haringey,2003,484.1,2022,131.48619845342117,368.175523890815,1468.59999999985,162.69807802684608,902.366925044868,1629.6999999998225,179.3130407082881,908.8574894288184,236.6,23.7,146.9
W06000019,Blaenau Gwent,2003,312.7,2022,146.22839369802583,213.84355807515215,1066.1999999998807,197.3620523395879,541.2749205918426,1189.4999999998618,226.46687109275263,525.2423872243484,280.4,35.0,145.6
E06000027,Torbay,2003,313.7,2022,136.4052499024168,229.9764856736954,981.9499999999083,178.1023945495446,551.899573602717,1091.2999999998938,201.29964316864607,542.1271408243966,247.9,30.6,135.7
E09000023,Lewisham,2003,492.1,2022,133.40748096289417,368.86986880208934,1517.8499999998414,175.70779197974153,864.1168301393329,1685.6999999998225,196.2695914640335,858.8696738122716,242.6,31.7,132.8
W06000003,Conwy,2003,372.9,2022,138.89103920799974,268.4838432532385,1153.8999999998728,182.5277447663506,633.0901004575264,1281.6999999998516,207.42019018983046,617.9244165318925,243.7,31.4,130.2
E08000033,Calderdale,2003,389.4,2022,130.38050397734784,298.664285012776,1156.649999999893,166.93899012008242,693.1755237995965,1282.1999999998734,186.63555111602182,687.0073747111529,229.3,28.0,130.0
E06000003,Redcar and Cleveland,2004,383.5,2022,116.1437594717384,330.1942366462816,1001.4833333328148,136.71484480146827,731.8928020386999,1107.233333332726,147.41048912521273,751.1224878931275,188.7,17.7,127.5
E06000015,Derby,2003,413.2,2022,132.84138307064302,311.0476497977039,1271.1999999998748,178.41109477824102,713.2928005617066,1411.599999999853,201.7415130596455,699.7072534012913,241.6,34.3,125.0
E06000024,North Somerset,2003,435.9,2022,137.15142276253795,317.8238994681894,1362.64999999985,187.06220635576574,729.3513239751821,1514.2999999998283,212.08411784625787,714.0091466432018,247.4,36.4,124.7
E06000004,Stockton-on-Tees,2004,414.2,2022,114.34768824929024,362.22857352131115,1102.0583333328855,141.14681990263608,780.1595266331559,1218.8333333328046,152.71277580039805,798.1213928858647,194.3,23.4,120.3
E09000028,Southwark,2003,489.9,2022,118.68317374008555,412.77965912242445,1259.8999999998916,143.65652654848472,876.2719384341304,1385.8999999998705,153.73947108552147,901.460106642964,182.9,21.0,118.4
E08000013,St. Helens,2004,396.0,2022,131.69773781942155,300.6885361561629,1104.2499999994238,168.83272617458223,654.4499079305822,1225.299999999319,189.39949787896694,646.9394131035815,209.4,28.2,115.2
E08000019,Sheffield,2003,380.2,2022,134.65536709120065,282.3504240588454,1114.449999999885,181.32974333450073,615.4654304807109,1234.5999999998676,205.52343827975892,600.7100748866061,224.7,34.7,112.8
E08000024,Sunderland,2004,352.6,2022,116.61693978029675,302.35744537996726,847.4583333329574,139.2458612166848,608.2791806644151,931.8333333328919,150.93609199554885,617.369458168012,164.3,19.4,104.2
E09000006,Bromley,2003,537.4,2022,133.82523589462556,401.568505676426,1398.1499999998668,169.00943342637,827.7295448260365,1538.9999999998472,188.0946677763077,818.2050125047185,186.4,26.3,103.8
E09000022,Lambeth,2003,493.9,2022,126.39598471175874,390.7560838473787,1324.3999999998844,166.00892997839364,798.0418683156101,1460.2999999998647,184.21374540622583,792.7204328752068,195.7,31.3,102.9
E09000003,Barnet,2003,529.5,2022,132.78558485058267,398.76316438702383,1365.4999999998763,167.6090317301725,815.2915576545425,1502.2999999998574,186.98719908952808,803.4239815959634,183.7,26.2,101.5
E06000032,Luton,2003,408.8,2022,151.55666716027787,269.7340919800486,1195.2999999998888,212.7414893322628,563.1760564626607,1323.999999999869,243.89714857386934,542.8517749148133,223.9,40.4,101.3
E09000033,Westminster,2003,555.2,2022,108.10006608672123,513.5982059017442,1330.699999999888,134.76821908288093,986.5040756771805,1457.5999999998676,142.18304272888736,1025.1574111964946,162.5,24.7,99.6
E06000042,Milton Keynes,2003,438.0,2022,134.0239067465625,326.80736641131676,1172.2499999998952,181.8232799751657,645.3966443803095,1292.3999999998778,204.22276324558516,632.8383670167663,195.1,35.7,93.6
W06000022,Newport,2003,404.0,2022,138.61704218407215,291.4504548896094,1096.9999999998915,188.3821736794107,583.5296322734614,1210.3999999998778,214.61713419805164,563.9810654087404,199.6,35.9,93.5
E09000019,Islington,2003,539.2,2022,117.50960291559527,458.85611611443903,1155.1999999999084,134.36751709097135,859.3726089486021,1255.9999999998909,144.221564990743,870.8822429437015,132.9,14.3,89.8
E08000034,Kirklees,2003,388.3,2022,132.55804132707183,292.9282871960322,1012.549999999901,178.0243366297358,569.6721741570861,1114.699999999888,201.23218509398794,553.9372339863297,187.1,34.3,89.1
W06000014,Vale of Glamorgan,2003,403.3,2022,139.45433069071615,289.19862008046533,1030.299999999901,183.24402277827357,563.342818401167,1132.899999999885,207.8764873194341,544.9870808423901,180.9,31.4,88.4
E09000017,Hillingdon,2003,475.0,2022,133.26779603707644,356.42519357628623,1132.2499999998945,167.288072909726,677.1830221890316,1239.7999999998792,185.18360228044185,669.4977226559873,161.0,25.5,87.8
E09000004,Bexley,2003,494.1,2022,146.4530983583547,337.37763525561707,1305.3499999998735,201.1573628951668,650.2031146803863,1438.099999999853,228.65948959204798,628.9264454169697,191.1,37.4,86.4
E06000017,Rutland,2003,395.1,2022,127.68438342820536,309.43486540165475,1071.5999999998953,181.77713335005592,590.546545558883,1182.2999999998792,206.2812797687784,573.1494400874012,199.2,42.4,85.2
E06000039,Slough,2003,402.6,2022,138.5453347877818,290.5908023656564,1013.0999999999112,187.43910667605306,541.0980997190065,1112.9999999998981,210.11661036760597,529.7058609753259,176.5,35.3,82.3
E06000022,Bath and North East Somerset,2003,435.2,2022,141.6659549004662,307.20154345182607,1084.1999999999002,187.86735276543112,578.1714450984234,1190.399999999885,212.6275880117264,559.8520921632402,173.5,32.6,82.2
E06000011,East Riding of Yorkshire,2004,449.6,2022,130.57372539451976,344.3265470457887,1127.599999999423,176.61270333002068,639.1930938669718,1243.6999999993204,198.73094413978288,625.8210090948543,176.6,35.3,81.8
E08000035,Leeds,2003,386.3,2022,138.97862843791788,277.9564054861581,980.2999999999134,189.63760428595887,518.1639252830969,1077.4999999998981,216.2301241241821,498.31169656133767,178.9,36.5,79.3
W06000002,Gwynedd,2003,329.7,2022,136.303433746568,241.88678959696531,780.6999999999352,175.06177368900734,446.80818362613707,854.4999999999236,197.8379015432438,431.9192598255221,159.2,28.4,78.6
W06000013,Bridgend,2003,370.2,2022,136.17917737633314,271.8477282154135,884.4499999999243,176.90105430971397,500.93181767025607,968.5999999999112,200.04561436574113,484.18956999928565,161.6,29.9,78.1
E08000017,Doncaster,2004,382.2,2022,126.02001208457656,303.2851637432726,858.7999999995591,157.28086422291236,546.3591865313483,940.6999999994805,174.4025463048847,539.3843266227204,146.1,24.8,77.8
E06000014,York,2004,423.5,2022,135.9667990793603,311.473097011583,1013.083333332897,179.09253468362658,566.5677042607031,1113.4333333328177,202.1504059503768,550.794507732099,162.9,31.7,76.8
E09000011,Greenwich,2003,497.1,2022,132.11540119351412,376.26196151944464,1173.599999999901,173.86878966649746,675.5056716675447,1284.2999999998865,193.16986606748287,664.8552520874157,158.4,31.6,76.7
E06000008,Blackburn with Darwen,2004,377.5,2022,129.02302841157376,292.58342843713405,917.3583333331029,175.11458526531896,524.6158099243693,1008.0333333330564,197.25934756914285,511.01929807393446,167.0,35.7,74.7
E08000028,Sandwell,2003,345.8,2022,146.41775816547886,236.17353819144174,860.0499999999302,200.44185710965138,430.3787044222063,944.199999999917,230.0113212730248,410.50153304373487,173.0,36.9,73.8
E06000026,Plymouth,2003,359.6,2022,124.24147462533955,289.43635857864984,785.8499999999415,156.37759081600672,502.9222875394638,855.5999999999294,173.0231340846094,494.5003479023422,137.9,25.9,70.8
E08000022,North Tyneside,2004,376.0,2022,118.74140151943186,316.6545073484484,775.2749999996304,149.1937125544726,519.7190819047424,843.8999999995649,162.97513087867628,517.8090641496647,124.4,25.6,63.5
E08000005,Rochdale,2004,391.9,2022,139.8937076618382,280.14126335641254,900.5916666662437,190.09013537852715,475.11548286014823,987.6666666661695,217.51076724118138,454.0771379703791,152.0,35.9,62.1
E09000031,Waltham Forest,2003,476.8,2022,143.8844641688181,331.3769855240074,1076.2999999999076,193.51105875463455,557.3786245854045,1174.3999999998923,218.7875419150514,536.7764497559356,146.3,34.5,62.0
E06000030,Swindon,2003,412.0,2022,135.5112402505777,304.0338198057659,912.4999999999272,183.4800644461133,498.1186605839669,994.3999999999141,205.76964772708925,483.2588338386911,141.4,35.4,58.9
W06000024,Merthyr Tydfil,2003,324.9,2022,143.26022081733595,226.79010135986317,729.1499999999348,192.7941212028505,379.4369586506815,795.2999999999265,220.77463071545208,360.23160696618174,144.8,34.6,58.8
E08000012,Liverpool,2004,371.3,2022,134.0605055079385,276.96449345255763,779.0333333330473,175.39276540071768,445.299341497073,848.3333333329974,199.04159916478056,426.2090622728004,128.5,30.8,53.9
E09000010,Enfield,2003,461.6,2022,141.29909663244564,326.6829095169216,978.5999999999243,188.54029546395068,520.1283747602937,1063.1999999999098,212.41290138759723,500.53456878301927,130.3,33.4,53.2
E08000011,Knowsley,2004,356.2,2022,137.4489461813031,259.15076826427725,782.0916666664522,189.41564649803058,414.050802185496,853.866666666414,215.94310992733517,395.4127857812829,139.7,37.8,52.6
E09000030,Tower Hamlets,2003,500.1,2022,130.89238518678295,382.06959043977935,997.8499999999207,168.97740595433334,591.2512881328164,1079.2999999999083,187.41862271065293,575.876604144184,115.8,29.1,50.7
E08000016,Barnsley,2004,376.0,2022,129.5824697872631,290.162705354577,774.2499999996948,173.50286983609004,447.03381809036966,842.1999999996406,194.78947753314424,432.36421734143045,124.0,33.9,49.0
E09000008,Croydon,2003,479.8,2022,137.60720062105122,348.67361434180646,991.2999999999272,184.6697479707098,537.8512825016644,1074.9999999999127,207.41645548349152,518.280961601657,124.1,34.2,48.6
E08000029,Solihull,2003,439.9,2022,132.44097565853613,332.14796086534824,904.649999999936,176.45058889585252,513.8864196086221,980.6999999999243,199.05829059722782,492.6697587212085,122.9,33.2,48.3
E06000037,West Berkshire,2003,471.3,2022,125.96219233914256,374.15988976364,900.2999999999429,160.6233658094784,561.0018879947355,970.4999999999345,176.63700861265897,549.4318589419217,105.9,27.5,46.8
E06000007,Warrington,2004,416.7,2022,136.6460903244368,304.9483516217956,854.8999999997832,183.83894223307817,466.30201455216974,928.6999999997461,208.7285846056493,444.9318725340556,122.9,34.5,45.9
W06000016,Rhondda Cynon Taf,2003,347.7,2022,135.17687597999733,257.2185497551005,666.6999999999509,170.9731091587242,390.8760310795846,718.8999999999432,192.30518320114788,373.83287752987206,106.8,26.5,45.3
E06000012,North East Lincolnshire,2004,368.3,2022,124.8873392626801,294.9057944339267,716.4999999998432,163.8610383641735,437.9381649786152,774.9999999998145,182.62849849172198,424.35874269367815,110.4,31.2,43.9
E09000026,Redbridge,2003,503.7,2022,144.8312735835056,347.7840024030313,1028.9499999999236,196.3182759207146,525.679223319358,1114.8999999999141,223.0720538145415,499.79366798085067,121.3,35.5,43.7
E06000041,Wokingham,2003,555.0,2022,127.04602123530817,436.84957199254376,959.24999999994,151.78677998817267,632.4309754696632,1025.3999999999287,165.28013675581678,620.4012291657554,84.8,19.5,42.0
E06000044,Portsmouth,2003,395.0,2022,139.0949015699532,283.9787767500218,796.4999999999421,189.3638383529842,421.82316918491836,862.1999999999316,214.77247932458704,401.44808250636396,118.3,36.1,41.4
E06000025,South Gloucestershire,2003,413.1,2022,137.17761446866362,301.14242881397183,820.0999999999422,184.80520192672157,444.86836694948016,886.6999999999316,208.5060556170174,425.26342814168265,114.6,34.7,41.2
E08000021,Newcastle upon Tyne,2004,390.7,2022,121.76548904222066,320.8626705917714,692.3749999997563,151.36920196337616,457.8595993392181,743.899999999714,166.32044551616946,447.26912418437036,90.4,24.3,39.4
E08000014,Sefton,2004,397.5,2022,136.10519894769925,292.0535020508263,777.9499999996617,183.0802112741285,426.05788705829275,843.1999999996005,207.3674512713842,406.62119094866773,112.1,34.5,39.2
E08000018,Rotherham,2003,375.6,2022,128.33039935194574,292.6820160279546,686.3499999999549,162.31536244977104,423.70171754638307,737.1999999999462,181.18047453554937,406.8871118092256,96.3,26.5,39.0
W06000011,Swansea,2003,370.4,2022,137.18185632019794,270.0065518398035,705.8999999999527,181.35836945369647,390.4899480225415,760.7999999999447,205.9526300125981,369.40533362133164,105.4,32.2,36.8
E08000030,Walsall,2003,349.4,2022,137.47307230268657,254.1588648216832,668.3999999999509,184.61710419309748,363.23371275152107,720.599999999944,209.78654241818913,343.4920046317832,106.2,34.3,35.1
E08000003,Manchester,2004,379.3,2022,156.95806751276362,241.65689983992436,817.1999999996711,234.27460143758253,350.6744136688397,891.8999999996086,273.54232426055023,326.05557564469257,135.1,49.3,34.9
E06000046,Isle of Wight,2003,355.4,2022,143.88924951034033,246.99551996374808,693.6499999999462,196.4408179805705,354.5220079462054,748.9999999999382,225.12586566532445,332.7027739732995,110.7,36.5,34.7
E06000006,Halton,2004,376.2,2022,127.59172015830833,294.8467185278426,654.5749999998461,160.4610516151889,408.69623666264215,701.5999999998166,178.48246946423205,393.0918269485382,86.5,25.8,33.3
E06000001,Hartlepool,2004,364.7,2022,118.53001359644382,307.68578264209515,623.5583333330571,148.90258481576475,419.25865015576136,668.3333333330083,163.8251446311906,407.9552835662595,83.3,25.6,32.6
E08000036,Wakefield,2003,360.5,2022,134.58110086022742,267.868220497324,654.7499999999516,176.34221646616987,372.3243566553151,702.8999999999432,198.67464031961208,353.79452499280893,95.0,31.0,32.1
W06000020,Torfaen,2003,366.9,2022,137.88657593570065,266.0882667585371,705.1499999999454,190.30082427576343,371.8856975644554,760.4999999999382,217.07775460939592,350.3352986897999,107.3,38.0,31.7
E08000032,Bradford,2003,350.0,2022,124.6344403097201,280.82125544932853,597.4999999999607,156.70977385465176,381.89504529314553,637.9999999999563,173.19971049673222,368.3608928503339,82.3,25.7,31.2
E09000016,Havering,2003,492.4,2022,145.69673328138433,337.96227884466504,913.149999999936,197.87524494709578,462.9601408664912,981.9999999999272,224.3190338033437,437.7693606066565,99.4,35.8,29.5
E08000009,Trafford,2004,457.2,2022,149.53866486984222,305.7403250175764,878.8249999995893,209.67345306148582,420.9101346694821,951.4999999995161,241.22181127420117,394.4502344018672,108.1,40.2,29.0
W06000006,Wrexham,2003,372.6,2022,131.21842576199225,283.95402386234434,620.0999999999665,162.08883278843587,383.42921429461427,660.5999999999622,180.49053579316842,366.0025702161863,77.3,23.5,28.9
E06000018,Nottingham,2003,345.5,2022,148.95959095884734,231.94209770316186,661.7499999999538,209.83210972180677,316.86704099095766,713.4999999999454,241.93683290672743,294.9116889014651,106.5,40.9,27.1
W06000021,Monmouthshire,2003,425.4,2022,140.7571376085459,302.22268456684816,780.1499999999487,190.9575732933463,410.24652940753157,838.1999999999389,218.4912844590981,383.6308629312174,97.0,35.7,26.9
E06000010,"Kingston upon Hull, City of",2004,340.4,2022,122.96534967162145,276.82595211499586,556.0166666665446,155.63930865868716,357.8011145825429,592.4666666665216,171.58322290656633,345.29405417984395,74.1,26.6,24.7
W06000008,Ceredigion,2003,334.5,2022,134.409100689972,248.86707691881492,546.24999999997,169.06382122196464,324.13135245771014,580.8999999999651,190.22285332029605,305.3786597459188,73.7,25.8,22.7
E08000015,Wirral,2004,410.7,2022,137.95250837544208,297.7111506245809,699.5583333329956,182.77362510340572,384.15886425811834,749.733333332937,207.80996599446917,360.77833406357956,82.6,32.5,21.2
E06000043,Brighton and Hove,2003,420.6,2022,135.3442056583372,310.763211438665,698.3499999999585,178.380184136744,392.6658603167286,743.799999999952,200.452321858118,371.0608054350303,76.8,31.8,19.4
E08000010,Wigan,2004,380.9,2022,134.03799986132933,284.1731452230448,628.9749999997842,178.9033388753043,352.73688998514143,671.4999999997453,202.0856936085347,332.2847788030581,76.3,33.5,16.9
E09000020,Kensington and Chelsea,2003,710.6,2022,114.68407956055016,619.6152096462719,1004.8499999999615,135.988583622624,739.4634003679625,1052.9999999999563,145.85932896960458,721.9284549289197,48.2,18.6,16.5
E08000002,Bury,2004,431.1,2022,147.05405262031746,293.1575106692693,747.0583333331076,204.99129507750786,366.2859943583205,800.8333333330665,236.23768885772188,338.9947375481572,85.8,39.4,15.6
W06000005,Flintshire,2003,411.6,2022,124.81582309838424,329.76588206734203,617.849999999971,154.95087351388983,399.6579750570228,651.5999999999658,171.53469311541357,379.864847259528,58.3,24.1,15.2
E08000007,Stockport,2004,406.0,2022,147.029951114459,276.1342140989624,699.3749999999291,205.790603217472,341.5648717819158,748.1999999999134,236.80925415187085,315.95049048213156,84.3,40.0,14.4
E09000009,Ealing,2003,479.8,2022,126.64049089275882,378.86776702903205,683.2999999999722,151.68732375835071,451.3200459340636,716.5999999999676,166.33788161394205,430.80986306122577,49.4,19.8,13.7
E06000038,Reading,2003,461.8,2022,133.2033639662998,346.6879410919641,712.0499999999665,173.08031714373902,412.4290556730713,752.99999999996,192.45424728478793,391.26182488749834,63.1,29.9,12.9
E08000026,Coventry,2003,383.8,2022,140.8225271152266,272.54162232578005,628.5499999999665,191.95505766377264,328.8052216012519,668.5999999999622,218.259416863566,306.33271618145307,74.2,36.3,12.4
E06000005,Darlington,2004,346.4,2022,116.07445655181057,298.4291378916619,501.2166666666426,144.68157642468924,346.95775528837993,526.8666666666377,157.9690632853799,333.5252205141103,52.1,24.6,11.8
W06000018,Caerphilly,2003,329.0,2022,138.8456204894996,236.95381880977737,526.9999999999718,185.27840317830578,285.7473983681944,559.3999999999669,211.34789986307624,264.68207176999607,70.0,33.4,11.7
E06000035,Medway,2003,414.8,2022,148.43086102900705,279.45670942307464,700.7999999999556,210.64014612814117,334.2759025743542,747.5999999999476,241.28221272135488,309.8446385947706,80.2,41.9,10.9
E08000006,Salford,2004,367.1,2022,160.2757299582867,229.04278776053079,640.5249999997989,236.03018822671766,273.1167744977472,687.0999999997621,275.1758927244191,249.69483816224897,87.2,47.3,9.0
E06000023,"Bristol, City of",2003,384.6,2022,149.5426607611476,257.18413597995993,634.84999999996,210.1101541838978,303.6994118696326,675.7999999999556,241.22528572595547,280.1530519349036,75.7,40.5,8.9
E06000016,Leicester,2003,329.9,2022,155.67972088192116,211.90942412481598,544.3999999999654,225.91445015953832,242.5978406962704,579.49999999996,262.8572650338756,220.4618540504396,75.7,45.1,4.0
E08000001,Bolton,2004,370.2,2022,141.47738647791545,261.66725949364917,556.6666666665644,189.67248170711827,294.9560213989704,588.1666666665442,216.5781809816399,271.57244741860916,58.9,34.1,3.8
E08000023,South Tyneside,2004,367.0,2022,115.4304263381231,317.94043532765784,471.9666666664587,138.67340267706368,340.8425883946765,490.86666666642304,150.19677530513673,326.8157160293144,33.8,20.1,2.8
E09000027,Richmond upon Thames,2003,625.9,2022,128.04651865682706,488.8067294335837,810.1499999999696,155.65972343110826,522.0664963374413,840.2999999999647,172.3470697681296,487.5626844891986,34.3,21.6,-0.3
E06000019,"Herefordshire, County of",2003,352.3,2022,134.2001979372303,262.51824171286387,509.0499999999758,180.27393209988787,283.6985168470208,534.6999999999716,204.54817926275064,261.4054067492467,51.8,34.3,-0.4
E08000008,Tameside,2004,355.2,2022,148.11829790431065,239.80831877333011,529.7583333332368,206.4017497784098,258.2157434416262,559.233333333219,237.73132118965987,235.23754906786883,57.4,39.3,-1.9
E08000027,Dudley,2003,355.0,2022,139.23360313203776,254.9671860918137,489.74999999998,190.12088779803707,259.05606262059194,511.79999999997744,217.04518121824367,235.80343831054756,44.2,36.5,-7.5
W06000015,Cardiff,2003,386.4,2022,137.90549834233653,280.1918738880163,515.649999999982,183.20248995143865,282.92131141578,536.7999999999793,207.81454650386695,258.3072306682779,38.9,32.8,-7.8
E09000012,Hackney,2003,460.7,2022,134.51192177244133,342.49752284365013,592.6999999999822,177.64539051745925,335.0663109770761,614.2999999999793,199.25520278001386,308.2980978309472,33.3,32.1,-10.0
E08000004,Oldham,2004,359.0,2022,145.38906566637468,246.92365849836318,486.8083333332308,200.87024722919796,243.97066613845618,508.63333333321316,231.29010677536826,219.9114092792581,41.7,38.2,-10.9
E06000045,Southampton,2003,390.5,2022,128.30289433886773,304.35790401472104,470.2499999999867,162.66770642943737,290.1317541015181,483.2999999999847,180.35121052326213,267.97713117520084,23.8,26.8,-12.0
E06000021,Stoke-on-Trent,2003,319.3,2022,136.49760182554374,233.92352373200978,407.299999999988,182.8256734969611,223.8913083248999,421.6999999999862,206.418674435492,204.2935316551371,32.1,33.9,-12.7
E08000025,Birmingham,2003,377.0,2022,143.48711378521986,262.7413640533019,497.99999999998363,199.35024234443736,251.4261504501397,517.7999999999811,228.53912761416723,226.569518053889,37.3,38.9,-13.8
E06000013,North Lincolnshire,2004,410.1,2022,133.53736726405498,307.105051119567,488.64999999998554,178.01532079523986,276.0293291794618,501.69999999998254,201.22481040423554,249.32313216850838,22.3,33.3,-18.8
E09000018,Hounslow,2003,462.7,2022,130.48251416710278,354.60690112656937,520.4499999999905,165.54637317582984,315.8006185409591,529.8999999999887,184.44690185055515,287.2913530579824,14.5,26.9,-19.0
E09000024,Merton,2003,507.6,2022,128.8562843166825,393.92723660454266,551.5999999999962,163.05875115671498,339.8057016599852,558.7999999999956,181.2184871737445,308.35706042741776,10.1,26.5,-21.7
E06000009,Blackpool,2004,324.2,2022,128.2465768045893,252.7942718455457,322.55000000002326,159.96691836353966,202.65249415258717,322.10000000002714,177.57672013652336,181.3863887971308,-0.6,24.7,-28.2
W06000004,Denbighshire,2003,370.6,2022,132.47417594930477,279.7526365756155,381.6000000000014,172.50692614317978,222.63821263133946,383.40000000000157,194.51674238923624,197.10385609522595,3.5,30.2,-29.5
E09000032,Wandsworth,2003,553.6,2022,121.92782708161955,454.0390928392543,482.10000000001276,142.31895150805667,339.77857195818194,470.4000000000151,152.9970317487605,307.4569451598698,-15.0,16.7,-32.3
E06000036,Bracknell Forest,2003,499.5,2022,131.05919291320848,381.1254967293936,463.75000000000875,167.02289137379066,279.16225331030085,457.9000000000101,185.18539839729965,247.26571531175705,-8.3,27.4,-35.1
E06000020,Telford and Wrekin,2003,363.0,2022,137.48904672139665,264.02103197032955,363.00000000000273,186.84802618873437,195.83944004199455,363.00000000000324,212.92641060882488,170.4814348591468,0.0,35.9,-35.4
E09000007,Camden,2003,538.8,2022,114.21724115643401,471.73263383419464,431.55000000001644,133.26353656540056,324.8008496793406,414.0000000000191,142.27235867266745,290.99116923514845,-23.2,16.7,-38.3
E06000031,Peterborough,2003,370.8,2022,141.79514721837364,261.50401284815774,359.8000000000053,198.6928648314808,182.70013965612634,358.00000000000614,227.38939862208463,157.43917797812244,-3.5,40.1,-39.8
E09000029,Sutton,2003,471.0,2022,137.6679882311867,342.12746626982505,421.50000000001137,182.5238801878517,232.67333470384614,413.4000000000133,205.54389508640452,201.1249226479007,-12.2,32.6,-41.2
E08000031,Wolverhampton,2003,345.2,2022,137.61424160122792,250.84613044651607,298.4500000000088,184.67402003835778,163.1008788369427,290.8000000000102,210.01593680575934,138.46568237769824,-15.8,34.2,-44.8
E09000025,Newham,2003,380.7,2022,147.59599918240278,257.93382077350316,289.9500000000148,212.75040957827733,137.71370546750282,275.10000000001673,241.61886767933356,113.85700241138368,-27.7,44.1,-55.9
E09000013,Hammersmith and Fulham,2003,541.8,2022,110.02370719940042,492.43932402502475,302.5500000000411,119.16104799755749,254.73885902507413,263.40000000004875,124.65744523301828,211.29905198015516,-51.4,8.3,-57.1
E09000021,Kingston upon Thames,2003,512.7,2022,130.8850453592149,391.7177845588787,325.7000000000318,165.03990511993143,199.1637901750734,295.10000000003674,183.18064991842311,161.09780161357398,-42.4,26.1,-58.9
E06000033,Southend-on-Sea,2003,404.2,2022,149.19897823104876,270.913383450963,250.20000000002474,213.19369197803135,119.19186964294371,225.0000000000291,245.2352042374223,91.74865439881843,-44.3,42.9,-66.1
W06000010,Carmarthenshire,2003,338.8,2022,136.40732359444434,248.37376107993575,179.30000000002784,175.8995491109541,103.51612960485815,153.20000000003165,199.53656452515133,76.77790803134779,-54.8,29.0,-69.1
E09000005,Brent,2003,421.0,2022,132.4879966954039,317.76463566574915,217.50000000002927,170.2034803969882,129.46618140139194,184.20000000003347,190.25066736960798,96.81963408947227,-56.2,28.5,-69.5
E06000034,Thurrock,2003,423.2,2022,152.98267611185713,276.63262975643505,76.70000000005857,214.46748309404538,37.65028195065901,20.000000000065484,245.43128463846188,8.148920391109446,-95.3,40.2,-97.1
E09000002,Barking and Dagenham,2003,404.3,2022,150.01614099957828,269.5043328711785,1e-06,205.7707188092345,4.896754797432621e-07,1e-06,233.70289678100926,4.278937119624356e-07,-100.0,37.2,-100.0
