ons_geography,ons_geography_code,lookup_parent_geography,nomis_geography,mapped,mapping_type,mapping_source
Adur,E07000223,,Adur,True,direct_name_match,dataset_name_overlap
Allerdale,E07000026,,Allerdale,True,direct_name_match,dataset_name_overlap
Amber Valley,E07000032,,Amber Valley,True,direct_name_match,dataset_name_overlap
Arun,E07000224,,Arun,True,direct_name_match,dataset_name_overlap
Ashfield,E07000170,,Ashfield,True,direct_name_match,dataset_name_overlap
Ashford,E07000105,,Ashford,True,direct_name_match,dataset_name_overlap
Babergh,E07000200,,Babergh,True,direct_name_match,dataset_name_overlap
Barking and Dagenham,E09000002,,Barking and Dagenham,True,direct_name_match,dataset_name_overlap
Barnet,E09000003,,Barnet,True,direct_name_match,dataset_name_overlap
Barnsley,E08000016,,Barnsley,True,direct_name_match,dataset_name_overlap
Barrow-in-Furness,E07000027,,Barrow-in-Furness,True,direct_name_match,dataset_name_overlap
Basildon,E07000066,,Basildon,True,direct_name_match,dataset_name_overlap
Basingstoke and Deane,E07000084,,Basingstoke and Deane,True,direct_name_match,dataset_name_overlap
Bassetlaw,E07000171,,Bassetlaw,True,direct_name_match,dataset_name_overlap
Bath and North East Somerset,E06000022,,Bath and North East Somerset,True,direct_name_match,dataset_name_overlap
Bedford,E06000055,,Bedford,True,direct_name_match,dataset_name_overlap
Bexley,E09000004,,Bexley,True,direct_name_match,dataset_name_overlap
Birmingham,E08000025,,Birmingham,True,direct_name_match,dataset_name_overlap
Blaby,E07000129,,Blaby,True,direct_name_match,dataset_name_overlap
Blackburn with Darwen,E06000008,,Blackburn with Darwen,True,direct_name_match,dataset_name_overlap
Blackpool,E06000009,,Blackpool,True,direct_name_match,dataset_name_overlap
Blaenau Gwent,W06000019,,Blaenau Gwent,True,direct_name_match,dataset_name_overlap
Bolsover,E07000033,,Bolsover,True,direct_name_match,dataset_name_overlap
Bolton,E08000001,,Bolton,True,direct_name_match,dataset_name_overlap
Boston,E07000136,,Boston,True,direct_name_match,dataset_name_overlap
"Bournemouth, Christchurch and Poole",E06000058,,Bournemouth|Poole,True,manual_one_to_many,https://ckan.publishing.service.gov.uk/dataset/local-authority-district-to-county-and-unitary-authority-december-2024-lookup-in-ew
Bracknell Forest,E06000036,,Bracknell Forest,True,direct_name_match,dataset_name_overlap
Bradford,E08000032,,Bradford,True,direct_name_match,dataset_name_overlap
Braintree,E07000067,,Braintree,True,direct_name_match,dataset_name_overlap
Breckland,E07000143,,Breckland,True,direct_name_match,dataset_name_overlap
Brent,E09000005,,Brent,True,direct_name_match,dataset_name_overlap
Brentwood,E07000068,,Brentwood,True,direct_name_match,dataset_name_overlap
Bridgend,W06000013,,Bridgend,True,direct_name_match,dataset_name_overlap
Brighton and Hove,E06000043,,Brighton and Hove,True,direct_name_match,dataset_name_overlap
"Bristol, City of",E06000023,,"Bristol, City of",True,direct_name_match,dataset_name_overlap
Broadland,E07000144,,Broadland,True,direct_name_match,dataset_name_overlap
Bromley,E09000006,,Bromley,True,direct_name_match,dataset_name_overlap
Bromsgrove,E07000234,,Bromsgrove,True,direct_name_match,dataset_name_overlap
Broxbourne,E07000095,,Broxbourne,True,direct_name_match,dataset_name_overlap
Broxtowe,E07000172,,Broxtowe,True,direct_name_match,dataset_name_overlap
Buckinghamshire,E06000060,,Aylesbury Vale|Chiltern|South Bucks|Wycombe,True,manual_one_to_many,https://ckan.publishing.service.gov.uk/dataset/local-authority-district-to-county-and-unitary-authority-december-2024-lookup-in-ew
Burnley,E07000117,,Burnley,True,direct_name_match,dataset_name_overlap
Bury,E08000002,,Bury,True,direct_name_match,dataset_name_overlap
Caerphilly,W06000018,,Caerphilly,True,direct_name_match,dataset_name_overlap
Calderdale,E08000033,,Calderdale,True,direct_name_match,dataset_name_overlap
Cambridge,E07000008,,Cambridge,True,direct_name_match,dataset_name_overlap
Camden,E09000007,,Camden,True,direct_name_match,dataset_name_overlap
Cannock Chase,E07000192,,Cannock Chase,True,direct_name_match,dataset_name_overlap
Canterbury,E07000106,,Canterbury,True,direct_name_match,dataset_name_overlap
Cardiff,W06000015,,Cardiff,True,direct_name_match,dataset_name_overlap
Carlisle,E07000028,,Carlisle,True,direct_name_match,dataset_name_overlap
Carmarthenshire,W06000010,,Carmarthenshire,True,direct_name_match,dataset_name_overlap
Castle Point,E07000069,,Castle Point,True,direct_name_match,dataset_name_overlap
Central Bedfordshire,E06000056,,Central Bedfordshire,True,direct_name_match,dataset_name_overlap
Ceredigion,W06000008,,Ceredigion,True,direct_name_match,dataset_name_overlap
Charnwood,E07000130,,Charnwood,True,direct_name_match,dataset_name_overlap
Chelmsford,E07000070,,Chelmsford,True,direct_name_match,dataset_name_overlap
Cheltenham,E07000078,,Cheltenham,True,direct_name_match,dataset_name_overlap
Cherwell,E07000177,,Cherwell,True,direct_name_match,dataset_name_overlap
Cheshire East,E06000049,,Cheshire East,True,direct_name_match,dataset_name_overlap
Cheshire West and Chester,E06000050,,Cheshire West and Chester,True,direct_name_match,dataset_name_overlap
Chesterfield,E07000034,,Chesterfield,True,direct_name_match,dataset_name_overlap
Chichester,E07000225,,Chichester,True,direct_name_match,dataset_name_overlap
Chorley,E07000118,,Chorley,True,direct_name_match,dataset_name_overlap
City of London,E09000001,,City of London,True,direct_name_match,dataset_name_overlap
Colchester,E07000071,,Colchester,True,direct_name_match,dataset_name_overlap
Conwy,W06000003,,Conwy,True,direct_name_match,dataset_name_overlap
Copeland,E07000029,,Copeland,True,direct_name_match,dataset_name_overlap
Cornwall,E06000052,,Cornwall,True,direct_name_match,dataset_name_overlap
Cotswold,E07000079,,Cotswold,True,direct_name_match,dataset_name_overlap
County Durham,E06000047,,County Durham,True,direct_name_match,dataset_name_overlap
Coventry,E08000026,,Coventry,True,direct_name_match,dataset_name_overlap
Craven,E07000163,,Craven,True,direct_name_match,dataset_name_overlap
Crawley,E07000226,,Crawley,True,direct_name_match,dataset_name_overlap
Croydon,E09000008,,Croydon,True,direct_name_match,dataset_name_overlap
Dacorum,E07000096,,Dacorum,True,direct_name_match,dataset_name_overlap
Darlington,E06000005,,Darlington,True,direct_name_match,dataset_name_overlap
Dartford,E07000107,,Dartford,True,direct_name_match,dataset_name_overlap
Denbighshire,W06000004,,Denbighshire,True,direct_name_match,dataset_name_overlap
Derby,E06000015,,Derby,True,direct_name_match,dataset_name_overlap
Derbyshire Dales,E07000035,,Derbyshire Dales,True,direct_name_match,dataset_name_overlap
Doncaster,E08000017,,Doncaster,True,direct_name_match,dataset_name_overlap
Dorset,E06000059,,East Dorset|North Dorset|Purbeck|West Dorset|Weymouth and Portland,True,manual_one_to_many,https://ckan.publishing.service.gov.uk/dataset/local-authority-district-to-county-and-unitary-authority-december-2024-lookup-in-ew
Dover,E07000108,,Dover,True,direct_name_match,dataset_name_overlap
Dudley,E08000027,,Dudley,True,direct_name_match,dataset_name_overlap
Ealing,E09000009,,Ealing,True,direct_name_match,dataset_name_overlap
East Cambridgeshire,E07000009,,East Cambridgeshire,True,direct_name_match,dataset_name_overlap
East Devon,E07000040,,East Devon,True,direct_name_match,dataset_name_overlap
East Hampshire,E07000085,,East Hampshire,True,direct_name_match,dataset_name_overlap
East Hertfordshire,E07000242,,East Hertfordshire,True,direct_name_match,dataset_name_overlap
East Lindsey,E07000137,,East Lindsey,True,direct_name_match,dataset_name_overlap
East Riding of Yorkshire,E06000011,,East Riding of Yorkshire,True,direct_name_match,dataset_name_overlap
East Staffordshire,E07000193,,East Staffordshire,True,direct_name_match,dataset_name_overlap
East Suffolk,E07000244,,Suffolk Coastal|Waveney,True,manual_one_to_many,https://ckan.publishing.service.gov.uk/dataset/local-authority-district-to-county-and-unitary-authority-december-2024-lookup-in-ew
Eastbourne,E07000061,,Eastbourne,True,direct_name_match,dataset_name_overlap
Eastleigh,E07000086,,Eastleigh,True,direct_name_match,dataset_name_overlap
Eden,E07000030,,Eden,True,direct_name_match,dataset_name_overlap
Elmbridge,E07000207,,Elmbridge,True,direct_name_match,dataset_name_overlap
Enfield,E09000010,,Enfield,True,direct_name_match,dataset_name_overlap
Epping Forest,E07000072,,Epping Forest,True,direct_name_match,dataset_name_overlap
Epsom and Ewell,E07000208,,Epsom and Ewell,True,direct_name_match,dataset_name_overlap
Erewash,E07000036,,Erewash,True,direct_name_match,dataset_name_overlap
Exeter,E07000041,,Exeter,True,direct_name_match,dataset_name_overlap
Fareham,E07000087,,Fareham,True,direct_name_match,dataset_name_overlap
Fenland,E07000010,,Fenland,True,direct_name_match,dataset_name_overlap
Flintshire,W06000005,,Flintshire,True,direct_name_match,dataset_name_overlap
Folkestone and Hythe,E07000112,,Folkestone and Hythe,True,direct_name_match,dataset_name_overlap
Forest of Dean,E07000080,,Forest of Dean,True,direct_name_match,dataset_name_overlap
Fylde,E07000119,,Fylde,True,direct_name_match,dataset_name_overlap
Gateshead,E08000037,,Gateshead,True,direct_name_match,dataset_name_overlap
Gedling,E07000173,,Gedling,True,direct_name_match,dataset_name_overlap
Gloucester,E07000081,,Gloucester,True,direct_name_match,dataset_name_overlap
Gosport,E07000088,,Gosport,True,direct_name_match,dataset_name_overlap
Gravesham,E07000109,,Gravesham,True,direct_name_match,dataset_name_overlap
Great Yarmouth,E07000145,,Great Yarmouth,True,direct_name_match,dataset_name_overlap
Greenwich,E09000011,,Greenwich,True,direct_name_match,dataset_name_overlap
Guildford,E07000209,,Guildford,True,direct_name_match,dataset_name_overlap
Gwynedd,W06000002,,Gwynedd,True,direct_name_match,dataset_name_overlap
Hackney,E09000012,,Hackney,True,direct_name_match,dataset_name_overlap
Halton,E06000006,,Halton,True,direct_name_match,dataset_name_overlap
Hambleton,E07000164,,Hambleton,True,direct_name_match,dataset_name_overlap
Hammersmith and Fulham,E09000013,,Hammersmith and Fulham,True,direct_name_match,dataset_name_overlap
Harborough,E07000131,,Harborough,True,direct_name_match,dataset_name_overlap
Haringey,E09000014,,Haringey,True,direct_name_match,dataset_name_overlap
Harlow,E07000073,,Harlow,True,direct_name_match,dataset_name_overlap
Harrogate,E07000165,,Harrogate,True,direct_name_match,dataset_name_overlap
Harrow,E09000015,,Harrow,True,direct_name_match,dataset_name_overlap
Hart,E07000089,,Hart,True,direct_name_match,dataset_name_overlap
Hartlepool,E06000001,,Hartlepool,True,direct_name_match,dataset_name_overlap
Hastings,E07000062,,Hastings,True,direct_name_match,dataset_name_overlap
Havant,E07000090,,Havant,True,direct_name_match,dataset_name_overlap
Havering,E09000016,,Havering,True,direct_name_match,dataset_name_overlap
"Herefordshire, County of",E06000019,,"Herefordshire, County of",True,direct_name_match,dataset_name_overlap
Hertsmere,E07000098,,Hertsmere,True,direct_name_match,dataset_name_overlap
High Peak,E07000037,,High Peak,True,direct_name_match,dataset_name_overlap
Hillingdon,E09000017,,Hillingdon,True,direct_name_match,dataset_name_overlap
Hinckley and Bosworth,E07000132,,Hinckley and Bosworth,True,direct_name_match,dataset_name_overlap
Horsham,E07000227,,Horsham,True,direct_name_match,dataset_name_overlap
Hounslow,E09000018,,Hounslow,True,direct_name_match,dataset_name_overlap
Huntingdonshire,E07000011,,Huntingdonshire,True,direct_name_match,dataset_name_overlap
Hyndburn,E07000120,,Hyndburn,True,direct_name_match,dataset_name_overlap
Ipswich,E07000202,,Ipswich,True,direct_name_match,dataset_name_overlap
Isle of Anglesey,W06000001,,Isle of Anglesey,True,direct_name_match,dataset_name_overlap
Isle of Wight,E06000046,,Isle of Wight,True,direct_name_match,dataset_name_overlap
Isles of Scilly,E06000053,,Isles of Scilly,True,direct_name_match,dataset_name_overlap
Islington,E09000019,,Islington,True,direct_name_match,dataset_name_overlap
Kensington and Chelsea,E09000020,,Kensington and Chelsea,True,direct_name_match,dataset_name_overlap
King's Lynn and West Norfolk,E07000146,,King's Lynn and West Norfolk,True,direct_name_match,dataset_name_overlap
"Kingston upon Hull, City of",E06000010,,"Kingston upon Hull, City of",True,direct_name_match,dataset_name_overlap
Kingston upon Thames,E09000021,,Kingston upon Thames,True,direct_name_match,dataset_name_overlap
Kirklees,E08000034,,Kirklees,True,direct_name_match,dataset_name_overlap
Knowsley,E08000011,,Knowsley,True,direct_name_match,dataset_name_overlap
Lambeth,E09000022,,Lambeth,True,direct_name_match,dataset_name_overlap
Lancaster,E07000121,,Lancaster,True,direct_name_match,dataset_name_overlap
Leeds,E08000035,,Leeds,True,direct_name_match,dataset_name_overlap
Leicester,E06000016,,Leicester,True,direct_name_match,dataset_name_overlap
Lewes,E07000063,,Lewes,True,direct_name_match,dataset_name_overlap
Lewisham,E09000023,,Lewisham,True,direct_name_match,dataset_name_overlap
Lichfield,E07000194,,Lichfield,True,direct_name_match,dataset_name_overlap
Lincoln,E07000138,,Lincoln,True,direct_name_match,dataset_name_overlap
Liverpool,E08000012,,Liverpool,True,direct_name_match,dataset_name_overlap
Luton,E06000032,,Luton,True,direct_name_match,dataset_name_overlap
Maidstone,E07000110,,Maidstone,True,direct_name_match,dataset_name_overlap
Maldon,E07000074,,Maldon,True,direct_name_match,dataset_name_overlap
Malvern Hills,E07000235,,Malvern Hills,True,direct_name_match,dataset_name_overlap
Manchester,E08000003,,Manchester,True,direct_name_match,dataset_name_overlap
Mansfield,E07000174,,Mansfield,True,direct_name_match,dataset_name_overlap
Medway,E06000035,,Medway,True,direct_name_match,dataset_name_overlap
Melton,E07000133,,Melton,True,direct_name_match,dataset_name_overlap
Mendip,E07000187,,Mendip,True,direct_name_match,dataset_name_overlap
Merthyr Tydfil,W06000024,,Merthyr Tydfil,True,direct_name_match,dataset_name_overlap
Merton,E09000024,,Merton,True,direct_name_match,dataset_name_overlap
Mid Devon,E07000042,,Mid Devon,True,direct_name_match,dataset_name_overlap
Mid Suffolk,E07000203,,Mid Suffolk,True,direct_name_match,dataset_name_overlap
Mid Sussex,E07000228,,Mid Sussex,True,direct_name_match,dataset_name_overlap
Middlesbrough,E06000002,,Middlesbrough,True,direct_name_match,dataset_name_overlap
Milton Keynes,E06000042,,Milton Keynes,True,direct_name_match,dataset_name_overlap
Mole Valley,E07000210,,Mole Valley,True,direct_name_match,dataset_name_overlap
Monmouthshire,W06000021,,Monmouthshire,True,direct_name_match,dataset_name_overlap
Neath Port Talbot,W06000012,,Neath Port Talbot,True,direct_name_match,dataset_name_overlap
New Forest,E07000091,,New Forest,True,direct_name_match,dataset_name_overlap
Newark and Sherwood,E07000175,,Newark and Sherwood,True,direct_name_match,dataset_name_overlap
Newcastle upon Tyne,E08000021,,Newcastle upon Tyne,True,direct_name_match,dataset_name_overlap
Newcastle-under-Lyme,E07000195,,Newcastle-under-Lyme,True,direct_name_match,dataset_name_overlap
Newham,E09000025,,Newham,True,direct_name_match,dataset_name_overlap
Newport,W06000022,,Newport,True,direct_name_match,dataset_name_overlap
North Devon,E07000043,,North Devon,True,direct_name_match,dataset_name_overlap
North East Derbyshire,E07000038,,North East Derbyshire,True,direct_name_match,dataset_name_overlap
North East Lincolnshire,E06000012,,North East Lincolnshire,True,direct_name_match,dataset_name_overlap
North Hertfordshire,E07000099,,North Hertfordshire,True,direct_name_match,dataset_name_overlap
North Kesteven,E07000139,,North Kesteven,True,direct_name_match,dataset_name_overlap
North Lincolnshire,E06000013,,North Lincolnshire,True,direct_name_match,dataset_name_overlap
North Norfolk,E07000147,,North Norfolk,True,direct_name_match,dataset_name_overlap
North Northamptonshire,E06000061,,Corby|East Northamptonshire|Kettering|Wellingborough,True,manual_one_to_many,https://ckan.publishing.service.gov.uk/dataset/local-authority-district-to-county-and-unitary-authority-december-2024-lookup-in-ew
North Somerset,E06000024,,North Somerset,True,direct_name_match,dataset_name_overlap
North Tyneside,E08000022,,North Tyneside,True,direct_name_match,dataset_name_overlap
North Warwickshire,E07000218,,North Warwickshire,True,direct_name_match,dataset_name_overlap
North West Leicestershire,E07000134,,North West Leicestershire,True,direct_name_match,dataset_name_overlap
Northumberland,E06000057,,Northumberland,True,direct_name_match,dataset_name_overlap
Norwich,E07000148,,Norwich,True,direct_name_match,dataset_name_overlap
Nottingham,E06000018,,Nottingham,True,direct_name_match,dataset_name_overlap
Nuneaton and Bedworth,E07000219,,Nuneaton and Bedworth,True,direct_name_match,dataset_name_overlap
Oadby and Wigston,E07000135,,Oadby and Wigston,True,direct_name_match,dataset_name_overlap
Oldham,E08000004,,Oldham,True,direct_name_match,dataset_name_overlap
Oxford,E07000178,,Oxford,True,direct_name_match,dataset_name_overlap
Pembrokeshire,W06000009,,Pembrokeshire,True,direct_name_match,dataset_name_overlap
Pendle,E07000122,,Pendle,True,direct_name_match,dataset_name_overlap
Peterborough,E06000031,,Peterborough,True,direct_name_match,dataset_name_overlap
Plymouth,E06000026,,Plymouth,True,direct_name_match,dataset_name_overlap
Portsmouth,E06000044,,Portsmouth,True,direct_name_match,dataset_name_overlap
Powys,W06000023,,Powys,True,direct_name_match,dataset_name_overlap
Preston,E07000123,,Preston,True,direct_name_match,dataset_name_overlap
Reading,E06000038,,Reading,True,direct_name_match,dataset_name_overlap
Redbridge,E09000026,,Redbridge,True,direct_name_match,dataset_name_overlap
Redcar and Cleveland,E06000003,,Redcar and Cleveland,True,direct_name_match,dataset_name_overlap
Redditch,E07000236,,Redditch,True,direct_name_match,dataset_name_overlap
Reigate and Banstead,E07000211,,Reigate and Banstead,True,direct_name_match,dataset_name_overlap
Rhondda Cynon Taf,W06000016,,Rhondda Cynon Taff,True,manual_one_to_one,https://ckan.publishing.service.gov.uk/dataset/local-authority-district-to-county-and-unitary-authority-december-2024-lookup-in-ew
Ribble Valley,E07000124,,Ribble Valley,True,direct_name_match,dataset_name_overlap
Richmond upon Thames,E09000027,,Richmond upon Thames,True,direct_name_match,dataset_name_overlap
Richmondshire,E07000166,,Richmondshire,True,direct_name_match,dataset_name_overlap
Rochdale,E08000005,,Rochdale,True,direct_name_match,dataset_name_overlap
Rochford,E07000075,,Rochford,True,direct_name_match,dataset_name_overlap
Rossendale,E07000125,,Rossendale,True,direct_name_match,dataset_name_overlap
Rother,E07000064,,Rother,True,direct_name_match,dataset_name_overlap
Rotherham,E08000018,,Rotherham,True,direct_name_match,dataset_name_overlap
Rugby,E07000220,,Rugby,True,direct_name_match,dataset_name_overlap
Runnymede,E07000212,,Runnymede,True,direct_name_match,dataset_name_overlap
Rushcliffe,E07000176,,Rushcliffe,True,direct_name_match,dataset_name_overlap
Rushmoor,E07000092,,Rushmoor,True,direct_name_match,dataset_name_overlap
Rutland,E06000017,,Rutland,True,direct_name_match,dataset_name_overlap
Ryedale,E07000167,,Ryedale,True,direct_name_match,dataset_name_overlap
Salford,E08000006,,Salford,True,direct_name_match,dataset_name_overlap
Sandwell,E08000028,,Sandwell,True,direct_name_match,dataset_name_overlap
Scarborough,E07000168,,Scarborough,True,direct_name_match,dataset_name_overlap
Sedgemoor,E07000188,,Sedgemoor,True,direct_name_match,dataset_name_overlap
Sefton,E08000014,,Sefton,True,direct_name_match,dataset_name_overlap
Selby,E07000169,,Selby,True,direct_name_match,dataset_name_overlap
Sevenoaks,E07000111,,Sevenoaks,True,direct_name_match,dataset_name_overlap
Sheffield,E08000019,,Sheffield,True,direct_name_match,dataset_name_overlap
Shropshire,E06000051,,Shropshire,True,direct_name_match,dataset_name_overlap
Slough,E06000039,,Slough,True,direct_name_match,dataset_name_overlap
Solihull,E08000029,,Solihull,True,direct_name_match,dataset_name_overlap
Somerset West and Taunton,E07000246,,Taunton Deane|West Somerset,True,manual_one_to_many,https://ckan.publishing.service.gov.uk/dataset/local-authority-district-to-county-and-unitary-authority-december-2024-lookup-in-ew
South Cambridgeshire,E07000012,,South Cambridgeshire,True,direct_name_match,dataset_name_overlap
South Derbyshire,E07000039,,South Derbyshire,True,direct_name_match,dataset_name_overlap
South Gloucestershire,E06000025,,South Gloucestershire,True,direct_name_match,dataset_name_overlap
South Hams,E07000044,,South Hams,True,direct_name_match,dataset_name_overlap
South Holland,E07000140,,South Holland,True,direct_name_match,dataset_name_overlap
South Kesteven,E07000141,,South Kesteven,True,direct_name_match,dataset_name_overlap
South Lakeland,E07000031,,South Lakeland,True,direct_name_match,dataset_name_overlap
South Norfolk,E07000149,,South Norfolk,True,direct_name_match,dataset_name_overlap
South Oxfordshire,E07000179,,South Oxfordshire,True,direct_name_match,dataset_name_overlap
South Ribble,E07000126,,South Ribble,True,direct_name_match,dataset_name_overlap
South Somerset,E07000189,,South Somerset,True,direct_name_match,dataset_name_overlap
South Staffordshire,E07000196,,South Staffordshire,True,direct_name_match,dataset_name_overlap
South Tyneside,E08000023,,South Tyneside,True,direct_name_match,dataset_name_overlap
Southampton,E06000045,,Southampton,True,direct_name_match,dataset_name_overlap
Southend-on-Sea,E06000033,,Southend-on-Sea,True,direct_name_match,dataset_name_overlap
Southwark,E09000028,,Southwark,True,direct_name_match,dataset_name_overlap
Spelthorne,E07000213,,Spelthorne,True,direct_name_match,dataset_name_overlap
St Albans,E07000240,,St Albans,True,direct_name_match,dataset_name_overlap
St. Helens,E08000013,,St. Helens,True,direct_name_match,dataset_name_overlap
Stafford,E07000197,,Stafford,True,direct_name_match,dataset_name_overlap
Staffordshire Moorlands,E07000198,,Staffordshire Moorlands,True,direct_name_match,dataset_name_overlap
Stevenage,E07000243,,Stevenage,True,direct_name_match,dataset_name_overlap
Stockport,E08000007,,Stockport,True,direct_name_match,dataset_name_overlap
Stockton-on-Tees,E06000004,,Stockton-on-Tees,True,direct_name_match,dataset_name_overlap
Stoke-on-Trent,E06000021,,Stoke-on-Trent,True,direct_name_match,dataset_name_overlap
Stratford-on-Avon,E07000221,,Stratford-on-Avon,True,direct_name_match,dataset_name_overlap
Stroud,E07000082,,Stroud,True,direct_name_match,dataset_name_overlap
Sunderland,E08000024,,Sunderland,True,direct_name_match,dataset_name_overlap
Surrey Heath,E07000214,,Surrey Heath,True,direct_name_match,dataset_name_overlap
Sutton,E09000029,,Sutton,True,direct_name_match,dataset_name_overlap
Swale,E07000113,,Swale,True,direct_name_match,dataset_name_overlap
Swansea,W06000011,,Swansea,True,direct_name_match,dataset_name_overlap
Swindon,E06000030,,Swindon,True,direct_name_match,dataset_name_overlap
Tameside,E08000008,,Tameside,True,direct_name_match,dataset_name_overlap
Tamworth,E07000199,,Tamworth,True,direct_name_match,dataset_name_overlap
Tandridge,E07000215,,Tandridge,True,direct_name_match,dataset_name_overlap
Teignbridge,E07000045,,Teignbridge,True,direct_name_match,dataset_name_overlap
Telford and Wrekin,E06000020,,Telford and Wrekin,True,direct_name_match,dataset_name_overlap
Tendring,E07000076,,Tendring,True,direct_name_match,dataset_name_overlap
Test Valley,E07000093,,Test Valley,True,direct_name_match,dataset_name_overlap
Tewkesbury,E07000083,,Tewkesbury,True,direct_name_match,dataset_name_overlap
Thanet,E07000114,,Thanet,True,direct_name_match,dataset_name_overlap
Three Rivers,E07000102,,Three Rivers,True,direct_name_match,dataset_name_overlap
Thurrock,E06000034,,Thurrock,True,direct_name_match,dataset_name_overlap
Tonbridge and Malling,E07000115,,Tonbridge and Malling,True,direct_name_match,dataset_name_overlap
Torbay,E06000027,,Torbay,True,direct_name_match,dataset_name_overlap
Torfaen,W06000020,,Torfaen,True,direct_name_match,dataset_name_overlap
Torridge,E07000046,,Torridge,True,direct_name_match,dataset_name_overlap
Tower Hamlets,E09000030,,Tower Hamlets,True,direct_name_match,dataset_name_overlap
Trafford,E08000009,,Trafford,True,direct_name_match,dataset_name_overlap
Tunbridge Wells,E07000116,,Tunbridge Wells,True,direct_name_match,dataset_name_overlap
Uttlesford,E07000077,,Uttlesford,True,direct_name_match,dataset_name_overlap
Vale of Glamorgan,W06000014,,Vale of Glamorgan,True,direct_name_match,dataset_name_overlap
Vale of White Horse,E07000180,,Vale of White Horse,True,direct_name_match,dataset_name_overlap
Wakefield,E08000036,,Wakefield,True,direct_name_match,dataset_name_overlap
Walsall,E08000030,,Walsall,True,direct_name_match,dataset_name_overlap
Waltham Forest,E09000031,,Waltham Forest,True,direct_name_match,dataset_name_overlap
Wandsworth,E09000032,,Wandsworth,True,direct_name_match,dataset_name_overlap
Warrington,E06000007,,Warrington,True,direct_name_match,dataset_name_overlap
Warwick,E07000222,,Warwick,True,direct_name_match,dataset_name_overlap
Watford,E07000103,,Watford,True,direct_name_match,dataset_name_overlap
Waverley,E07000216,,Waverley,True,direct_name_match,dataset_name_overlap
Wealden,E07000065,,Wealden,True,direct_name_match,dataset_name_overlap
Welwyn Hatfield,E07000241,,Welwyn Hatfield,True,direct_name_match,dataset_name_overlap
West Berkshire,E06000037,,West Berkshire,True,direct_name_match,dataset_name_overlap
West Devon,E07000047,,West Devon,True,direct_name_match,dataset_name_overlap
West Lancashire,E07000127,,West Lancashire,True,direct_name_match,dataset_name_overlap
West Lindsey,E07000142,,West Lindsey,True,direct_name_match,dataset_name_overlap
West Northamptonshire,E06000062,,Daventry|Northampton|South Northamptonshire,True,manual_one_to_many,https://ckan.publishing.service.gov.uk/dataset/local-authority-district-to-county-and-unitary-authority-december-2024-lookup-in-ew
West Oxfordshire,E07000181,,West Oxfordshire,True,direct_name_match,dataset_name_overlap
West Suffolk,E07000245,,Forest Heath|St Edmundsbury,True,manual_one_to_many,https://ckan.publishing.service.gov.uk/dataset/local-authority-district-to-county-and-unitary-authority-december-2024-lookup-in-ew
Westminster,E09000033,,Westminster,True,direct_name_match,dataset_name_overlap
Wigan,E08000010,,Wigan,True,direct_name_match,dataset_name_overlap
Wiltshire,E06000054,,Wiltshire,True,direct_name_match,dataset_name_overlap
Winchester,E07000094,,Winchester,True,direct_name_match,dataset_name_overlap
Windsor and Maidenhead,E06000040,,Windsor and Maidenhead,True,direct_name_match,dataset_name_overlap
Wirral,E08000015,,Wirral,True,direct_name_match,dataset_name_overlap
Woking,E07000217,,Woking,True,direct_name_match,dataset_name_overlap
Wokingham,E06000041,,Wokingham,True,direct_name_match,dataset_name_overlap
Wolverhampton,E08000031,,Wolverhampton,True,direct_name_match,dataset_name_overlap
Worcester,E07000237,,Worcester,True,direct_name_match,dataset_name_overlap
Worthing,E07000229,,Worthing,True,direct_name_match,dataset_name_overlap
Wrexham,W06000006,,Wrexham,True,direct_name_match,dataset_name_overlap
Wychavon,E07000238,,Wychavon,True,direct_name_match,dataset_name_overlap
Wyre,E07000128,,Wyre,True,direct_name_match,dataset_name_overlap
Wyre Forest,E07000239,,Wyre Forest,True,direct_name_match,dataset_name_overlap
York,E06000014,,York,True,direct_name_match,dataset_name_overlap
